probe,row,value
0,0,59356020.305871233
0,1,28453785.382506337
0,2,6845554.714670646
0,3,1254210.6696556003
0,4,125643.96551322173
0,5,-11084.879133390828
0,6,-92.071789933482407
0,7,-0.40639573500074339
0,8,0.10681335495465277
0,9,-0.027622738550438175
0,10,0.0075658281766875545
0,11,-0.0022072708038247697
0,12,0.00062484925651271094
0,13,-0.0001580437162324646
0,14,3.8990739023813931e-05
0,15,-1.0569830773588034e-05
0,16,2.9328318316785234e-06
0,17,-7.9076893414906094e-07
0,18,2.2198053629587882e-07
0,19,-5.2965251354793132e-08
0,20,1.2993775105665843e-08
0,21,-3.1395499637692741e-09
0,22,6.1670137064660673e-10
0,23,-2.5014288011745697e-09
0,24,-7.0312425541406633e-09
0,25,-8.9588542073157467e-09
0,26,-9.3074376102753723e-09
0,27,-9.2969293188744644e-09
0,28,-9.0004202236257899e-09
0,29,-7.9826948367310607e-09
0,30,-4.9273846121870276e-09
0,31,-3.7210713879738137e-09
0,32,-3.665575862008066e-09
0,33,-3.9055622795193511e-09
0,34,-4.2190592972200208e-09
0,35,-3.9772209884116603e-09
0,36,-8.8108539136150769e-09
1,0,59548133.34693677
1,1,25460456.250922263
1,2,3928823.9509662841
1,3,-1281935.4173944374
1,4,-2265609.3175553866
1,5,-2376444.8095984994
1,6,-2360260.5353079159
1,7,-2356370.8572843471
1,8,-2360162.5794399325
1,9,-2364117.3398052822
1,10,-2360011.0174192991
1,11,-2356194.601685652
1,12,-2360821.2107896772
1,13,-2366672.6466296292
1,14,-2364416.5675581354
1,15,-2353103.6437227465
1,16,-2352407.137818797
1,17,-2363455.3364869882
1,18,-2375258.1336148027
1,19,-2363455.336486157
1,20,-2352407.1378221051
1,21,-2353103.6437108144
1,22,-2364416.5676021776
1,23,-2366672.6464510821
1,24,-2360821.2114955857
1,25,-2356194.5991920331
1,26,-2360011.0259665963
1,27,-2364117.3085991857
1,28,-2360162.7001096066
1,29,-2356370.3981691091
1,30,-2360191.0078813573
1,31,-2367501.3544163415
1,32,-2363342.4632228967
1,33,-2343002.9924914981
1,34,-2278107.1351330588
1,35,-1997730.3090610842
1,36,-1637378.2524918288
2,0,1853256.1697984266
2,1,2261118.3550450029
2,2,2578461.0838834001
2,3,2651913.0476314533
2,4,2674934.1483246004
2,5,2679641.3628927935
2,6,2671367.1936232974
2,7,2667042.8607998649
2,8,2671335.1536517316
2,9,2675811.1521397349
2,10,2671163.4822368221
2,11,2666843.8838448399
2,12,2672080.4855792136
2,13,2678703.3950486369
2,14,2676149.8665405298
2,15,2663345.4055259572
2,16,2662557.0697620311
2,17,2675061.9032102665
2,18,2688420.8241357328
2,19,2675061.903210267
2,20,2662557.0697620278
2,21,2663345.4055259596
2,22,2676149.8665405372
2,23,2678703.3950486332
2,24,2672080.4855792196
2,25,2666843.8838448259
2,26,2671163.4822368119
2,27,2675811.1521397387
2,28,2671335.1536517246
2,29,2667042.8607998611
2,30,2671367.1936232871
2,31,2679641.3628927963
2,32,2674934.1483246093
2,33,2651913.0476314276
2,34,2578461.0838833903
2,35,2261118.3550450057
2,36,1853256.1697984217
3,0,171163978.18026686
3,1,82041554.063681468
3,2,19734917.999076791
3,3,3616394.0983539526
3,4,362047.95626687357
3,5,-31941.645372896695
3,6,-268.17968451963452
3,7,-0.40639574151855107
3,8,0.10681335057926468
3,9,-0.027622742488088541
3,10,0.0075658247724173042
3,11,-0.0022072736352018014
3,12,0.00062484941251663188
3,13,-0.00015803408931284785
3,14,3.9004374588114109e-05
3,15,-1.0555363424810114e-05
3,16,2.947616892562021e-06
3,17,-7.7599033465830622e-07
3,18,2.3671311961994642e-07
3,19,-3.8186651863995736e-08
3,20,2.7778835990346667e-08
3,21,1.1327798816684219e-08
3,22,1.4252265677615893e-08
3,23,7.1254908066551249e-09
3,24,-6.8752386980174411e-09
3,25,-1.1790231396433023e-08
3,26,-1.2711707175077312e-08
3,27,-1.3234040518408575e-08
3,28,-1.33709804761106e-08
3,29,-1.4482991917112404e-08
3,30,-1.736420374122463e-08
3,31,-1.827758166806437e-08
3,32,-1.7592972311580257e-08
3,33,-1.7299255544139147e-08
3,34,-1.8177150248929397e-08
3,35,-1.8915138690903472e-08
3,36,-2.2840061847391531e-08
4,0,176622082.12755254
4,1,80872704.529315084
4,2,20391016.420403901
4,3,5703221.1034937119
4,4,2958150.728388655
4,5,2654488.1352001047
4,6,2671165.7378489696
4,7,2667042.4016846069
4,8,2671335.2743213852
4,9,2675811.1209336296
4,10,2671163.490784111
4,11,2666843.8813512148
4,12,2672080.4862851072
4,13,2678703.3948700931
4,14,2676149.8665845832
4,15,2663345.4055140144
4,16,2662557.0697653396
4,17,2675061.9032093743
4,18,2688420.8241359848
4,19,2675061.9032102106
4,20,2662557.0697620497
4,21,2663345.4055259586
4,22,2676149.8665405363
4,23,2678703.3950486304
4,24,2672080.4855792164
4,25,2666843.8838448301
4,26,2671163.482236811
4,27,2675811.1521397447
4,28,2671335.1536517288
4,29,2667042.8607998667
4,30,2671367.1936232881
4,31,2679641.3628927977
4,32,2674934.1483246083
4,33,2651913.0476314281
4,34,2578461.0838833959
4,35,2261118.3550450103
4,36,1853256.1697984354
5,0,5343890.5920887021
5,1,6519967.0191511009
5,2,7435029.3028998422
5,3,7646829.0877543837
5,4,7713210.7598721152
5,5,7726784.0802019415
5,6,7702925.3951279623
5,7,7690456.119768817
5,8,7702833.0074130492
5,9,7715739.6128786746
5,10,7702337.9904402373
5,11,7689882.3668817263
5,12,7704982.1826539934
5,13,7724079.4365483345
5,14,7716716.3006832413
5,15,7679794.4547627233
5,16,7677521.2773461789
5,17,7713579.1429066267
5,18,7752099.7818865189
5,19,7713579.1429066267
5,20,7677521.2773461714
5,21,7679794.4547627261
5,22,7716716.3006832525
5,23,7724079.436548356
5,24,7704982.1826540064
5,25,7689882.3668816835
5,26,7702337.9904402224
5,27,7715739.6128786486
5,28,7702833.0074130427
5,29,7690456.1197688123
5,30,7702925.3951279297
5,31,7726784.0802019443
5,32,7713210.759872105
5,33,7646829.0877543828
5,34,7435029.3028998328
5,35,6519967.0191510832
5,36,5343890.5920886649
6,0,-723.06683119804688
6,1,-882.19843030332663
6,2,-1006.0129385641399
6,3,-1034.6709727518014
6,4,-1043.652890416593
6,5,-1045.4894582786389
6,6,-1042.2612065927733
6,7,-1040.5740239557224
6,8,-1042.2487058704796
6,9,-1043.9950624162825
6,10,-1042.1817265138191
6,11,-1040.4963910635781
6,12,-1042.5395047377808
6,13,-1045.1235005400913
6,14,-1044.1272153007308
6,15,-1039.1314240000524
6,16,-1038.8238467465494
6,17,-1043.7027352906293
6,18,-1048.9148547910077
6,19,-1043.7027352906298
6,20,-1038.8238467465494
6,21,-1039.1314240000536
6,22,-1044.1272153007308
6,23,-1045.1235005400922
6,24,-1042.5395047377835
6,25,-1040.4963910635768
6,26,-1042.1817265138172
6,27,-1043.9950624162811
6,28,-1042.2487058704805
6,29,-1040.5740239557242
6,30,-1042.2612065927717
6,31,-1045.489458278641
6,32,-1043.6528904165923
6,33,-1034.6709727518
6,34,-1006.0129385641409
6,35,-882.19843030332572
6,36,-723.066831198047
7,0,-744.95195844440309
7,1,-862.63737036999748
7,2,-951.8286423698928
7,3,-948.90676339219056
7,4,-927.72910725226052
7,5,-900.27429672212907
7,6,-868.53053002014656
7,7,-838.15023405153352
7,8,-810.65298299257756
7,9,-783.08428387353001
7,10,-752.61201159992982
7,11,-722.52271827208335
7,12,-695.20115728739233
7,13,-667.75568061790716
7,14,-637.88162906061063
7,15,-606.1408749936312
7,16,-577.3215621412802
7,17,-550.97531918975892
7,18,-524.45742739550394
7,19,-492.72741610087178
7,20,-461.50228460526893
7,21,-432.99054900642273
7,22,-406.2455862401203
7,23,-377.36781992218442
7,24,-347.33834745038922
7,25,-317.97367279149535
7,26,-289.56971491388896
7,27,-260.91077854275164
7,28,-231.59572287790226
7,29,-202.42378990418928
7,30,-173.73067657262604
7,31,-145.2151615565102
7,32,-115.92378316433124
7,33,-85.764209359611471
7,34,-54.184296194247935
7,35,-19.561059933328604
7,36,21.885127246358454
8,0,-14.970871770917586
8,1,-32.035638373165412
8,2,-58.239246255653619
8,3,-86.560222299570512
8,4,-115.963497357528
8,5,-145.2151669356104
8,6,-173.73067504890651
8,7,-202.42379032028504
8,8,-231.5957227685393
8,9,-260.91077857103375
8,10,-289.56971490614291
8,11,-317.97367279375578
8,12,-347.33834744974854
8,13,-377.36781992234592
8,14,-406.24558624008046
8,15,-432.99054900643301
8,16,-461.50228460526563
8,17,-492.72741610087166
8,18,-524.45742739550394
8,19,-550.9753191897579
8,20,-577.32156214128383
8,21,-606.14087499362097
8,22,-637.88162906065111
8,23,-667.75568061774686
8,24,-695.20115728803432
8,25,-722.52271826982098
8,26,-752.61201160767473
8,27,-783.08428384524791
8,28,-810.65298310194066
8,29,-838.15023363543969
8,30,-868.5305315438651
8,31,-900.27429134302997
8,32,-927.68939305906451
8,33,-948.11075045222969
8,34,-947.7736923084866
8,35,-850.1627919301601
8,36,-708.09595942712917
