reference,candidate,step,field,equal,reference_value,candidate_value
crossing-serial,crossing-resume,1,n,True,30124,30124
crossing-serial,crossing-resume,1,next_id,True,30245,30245
crossing-serial,crossing-resume,1,position_hash,True,7530942072912272758,7530942072912272758
crossing-serial,crossing-resume,1,property_hash,True,13089028198140357725,13089028198140357725
crossing-serial,crossing-resume,1,integrator_hash,True,16052070219033545522,16052070219033545522
crossing-serial,crossing-resume,2,n,True,30124,30124
crossing-serial,crossing-resume,2,next_id,True,30248,30248
crossing-serial,crossing-resume,2,position_hash,True,17051286675235538415,17051286675235538415
crossing-serial,crossing-resume,2,property_hash,True,12111736135509581889,12111736135509581889
crossing-serial,crossing-resume,2,integrator_hash,True,13744554556547702427,13744554556547702427
crossing-serial,crossing-after-resume,2,n,True,30124,30124
crossing-serial,crossing-after-resume,2,next_id,True,30248,30248
crossing-serial,crossing-after-resume,2,position_hash,True,17051286675235538415,17051286675235538415
crossing-serial,crossing-after-resume,2,property_hash,True,12111736135509581889,12111736135509581889
crossing-serial,crossing-after-resume,2,integrator_hash,True,13744554556547702427,13744554556547702427
crossing-direct,crossing-retry,1,n,True,30122,30122
crossing-direct,crossing-retry,1,next_id,True,30242,30242
crossing-direct,crossing-retry,1,position_hash,False,8146131323884969485,9953009636837241246
crossing-direct,crossing-retry,1,property_hash,False,17542126071529805723,4928433471521738985
crossing-direct,crossing-retry,1,integrator_hash,False,11180901121191706788,5447193404023532420
pre-attempt,restored-before-retry,1,n,True,30000,30000
pre-attempt,restored-before-retry,1,next_id,True,30000,30000
pre-attempt,restored-before-retry,1,position_hash,True,12611991826980894851,12611991826980894851
pre-attempt,restored-before-retry,1,property_hash,True,6830613091869111512,6830613091869111512
pre-attempt,restored-before-retry,1,integrator_hash,True,12611991826980894851,12611991826980894851
