case,rank,stage,step,time,dt,n,next_id,born_or_received,lost_or_sent,position_hash,property_hash,integrator_hash,stress_max,stress_mean,pressure_min,pressure_max,mapped_stress_max,H_min,H_negative
coupled-regular-Hlimited,0,restored_before_advection,0,0,0,30000,30000,0,0,8860443220518847779,3538751559531316398,4959856451750937891,0,0,0,0,0,15.606408709560649,0
coupled-regular-Hlimited,0,accepted,0,0,0,30000,30000,0,0,8860443220518847779,3538751559531316398,8860443220518847779,0,0,-2414.5255747613928,3221.8361399535916,0,15.606408709560649,0
coupled-regular-Hlimited,0,restored_before_advection,1,100,100,30000,30000,0,0,8860443220518847779,3538751559531316398,8860443220518847779,0,0,-2414.5255747613928,3221.8361399535916,0,15.606408709560649,0
coupled-regular-Hlimited,0,accepted,1,100,100,30000,30000,0,0,5388274323306319232,18110232271549611926,8860443220518847779,0.070597516881515915,-7.757278726678221e-05,-0.060553658388432768,0.080630603477828383,0,15.606408709560649,0
coupled-regular-Hlimited,0,restored_before_advection,2,200,100,30000,30000,0,0,5388274323306319232,18110232271549611926,8860443220518847779,0.070597516881515915,-7.757278726678221e-05,-0.060553658388432768,0.080630603477828383,0,15.606408709560649,0
coupled-regular-Hlimited,0,accepted,2,200,100,30000,30000,0,0,8300585413819717805,13853999831775555622,5388274323306319232,0.13809548408511149,-0.00015514555198946526,-0.11036776876252063,0.14919491247349753,0.034962229086546434,15.606408709560649,0
coupled-random-5433-Hlimited,0,restored_before_advection,0,0,0,30000,30000,0,0,13382696956459388092,10545284588778658207,4959856451750937891,0,0,0,0,0,15.606408709560647,0
coupled-random-5433-Hlimited,0,accepted,0,0,0,30416,30529,0,0,5270868041795570077,3275276572494260232,11571952851494650137,0,0,-2414.5255747614015,3221.836139953597,0,15.606408709560645,0
coupled-random-5433-Hlimited,0,restored_before_advection,1,100,100,30416,30529,0,0,5270868041795570077,3275276572494260232,11571952851494650137,0,0,-2414.5255747614015,3221.836139953597,0,15.606408709560645,0
coupled-random-5433-Hlimited,0,accepted,1,100,100,30416,30529,0,0,12363046690321552726,12518201774639108246,5270868041795570077,0.1055386575331263,-1.8751683769068012e-05,-0.060553658388432914,0.080630603477828341,0,15.606408709560645,0
coupled-random-5433-Hlimited,0,restored_before_advection,2,200,100,30416,30529,0,0,12363046690321552726,12518201774639108246,5270868041795570077,0.1055386575331263,-1.8751683769068012e-05,-0.060553658388432914,0.080630603477828341,0,15.606408709560645,0
coupled-random-5433-Hlimited,0,accepted,2,200,100,30416,30529,0,0,5333684384329553499,9506862388257527494,12363046690321552726,0.22326895614974762,-4.9792926000168167e-05,-0.10457312854601651,0.156496062037247,0.044558832916683819,15.606408709560645,0
crossing-serial,0,restored_before_advection,0,0,0,30000,30000,0,0,12611991826980894851,6830613091869111512,4959856451750937891,0,0,0,0,0,15.606408709560649,0
crossing-serial,0,accepted,0,0,0,30000,30000,0,0,12611991826980894851,6830613091869111512,12611991826980894851,0,0,-2414.5255747613928,3221.8361399535916,0,15.606408709560649,0
crossing-serial,0,restored_before_advection,1,100,100,30000,30000,0,0,12611991826980894851,6830613091869111512,12611991826980894851,0,0,-2414.5255747613928,3221.8361399535916,0,15.606408709560649,0
crossing-serial,0,accepted,1,100,100,30124,30245,0,0,7530942072912272758,13089028198140357725,16052070219033545522,0.070597516881515915,-5.9646292265982077e-05,-0.060553658388432768,0.080630603477828383,0,15.606408709560643,0
crossing-serial,0,restored_before_advection,2,200,100,30124,30245,0,0,7530942072912272758,13089028198140357725,16052070219033545522,0.070597516881515915,-5.9646292265982077e-05,-0.060553658388432768,0.080630603477828383,0,15.606408709560643,0
crossing-serial,0,accepted,2,200,100,30124,30248,0,0,17051286675235538415,12111736135509581889,13744554556547702427,0.13872489170839886,-0.00012620202308747909,-0.087578392210288472,0.13510885486346164,0.047691786323343928,15.606408709560643,0
crossing-mpi,0,restored_before_advection,0,0,0,14992,30000,0,0,6433674047726928419,11863731657974374855,1946772067926687779,0,0,0,0,0,15.606408709560649,0
crossing-mpi,0,accepted,0,0,0,14992,30000,0,0,6433674047726928419,11863731657974374855,6433674047726928419,0,0,-2414.5255747615438,3221.8361399532669,0,15.606408709560649,0
crossing-mpi,0,restored_before_advection,1,100,100,14992,30000,0,0,6433674047726928419,11863731657974374855,6433674047726928419,0,0,-2414.5255747615438,3221.8361399532669,0,15.606408709560649,0
crossing-mpi,0,accepted,1,100,100,15008,30245,0,0,14862116062191035505,6565809864344147869,1793351561480578334,0.070597516881518829,-2.607698491068763e-05,-0.060553658388432151,0.080630603477833171,0,15.606408709560643,0
crossing-mpi,0,restored_before_advection,2,200,100,15008,30245,0,0,14862116062191035505,6565809864344147869,1793351561480578334,0.070597516881518829,-2.607698491068763e-05,-0.060553658388432151,0.080630603477833171,0,15.606408709560643,0
crossing-mpi,0,accepted,2,200,100,15008,30248,0,0,17990336841699567543,1835441456522429795,389591298688991856,0.13872445701784888,-0.00012369098443232489,-0.087578574823566055,0.13510751065608967,0.047691786323346252,15.606408709560643,0
crossing-mpi,1,restored_before_advection,0,0,0,15008,30000,0,0,4206183712673546787,7649087672958850940,5716242568553919619,0,0,0,0,0,15.606408709560649,0
crossing-mpi,1,accepted,0,0,0,15008,30000,0,0,4206183712673546787,7649087672958850940,4206183712673546787,0,0,-518.18912863727894,609.51414176363323,0,15.606408709560649,0
crossing-mpi,1,restored_before_advection,1,100,100,15008,30000,0,0,4206183712673546787,7649087672958850940,4206183712673546787,0,0,-518.18912863727894,609.51414176363323,0,15.606408709560649,0
crossing-mpi,1,accepted,1,100,100,15116,30245,0,0,15398139321069407002,11821932838192082484,5473448151574191128,0.050687893429089026,-9.2970414480264657e-05,-0.012969374352183923,0.01524076545557846,0,15.606408709560643,0
crossing-mpi,1,restored_before_advection,2,200,100,15116,30245,0,0,15398139321069407002,11821932838192082484,5473448151574191128,0.050687893429089026,-9.2970414480264657e-05,-0.012969374352183923,0.01524076545557846,0,15.606408709560643,0
crossing-mpi,1,accepted,2,200,100,15116,30248,0,0,2690944013333559266,18355824612220702638,15398139321069407002,0.1018732740375491,-0.00012868235380148848,-0.023707143108922735,0.028174650031964208,0.015078588972389562,15.606408709560643,0
crossing-create,0,restored_before_advection,0,0,0,30000,30000,0,0,12611991826980894851,6830613091869111512,4959856451750937891,0,0,0,0,0,15.606408709560649,0
crossing-create,0,accepted,0,0,0,30000,30000,0,0,12611991826980894851,6830613091869111512,12611991826980894851,0,0,-2414.5255747613928,3221.8361399535916,0,15.606408709560649,0
crossing-resume,0,restored_before_advection,1,100,100,30000,30000,0,0,12611991826980894851,6830613091869111512,12611991826980894851,0,0,-2414.5255747613928,3221.8361399535916,0,15.606408709560649,0
crossing-resume,0,accepted,1,100,100,30124,30245,0,0,7530942072912272758,13089028198140357725,16052070219033545522,0.070597516881515915,-5.9646292265982077e-05,-0.060553658388432768,0.080630603477828383,0,15.606408709560643,0
crossing-resume,0,restored_before_advection,2,200,100,30124,30245,0,0,7530942072912272758,13089028198140357725,16052070219033545522,0.070597516881515915,-5.9646292265982077e-05,-0.060553658388432768,0.080630603477828383,0,15.606408709560643,0
crossing-resume,0,accepted,2,200,100,30124,30248,0,0,17051286675235538415,12111736135509581889,13744554556547702427,0.13872489170839886,-0.00012620202308747909,-0.087578392210288472,0.13510885486346164,0.047691786323343928,15.606408709560643,0
crossing-after-create,0,restored_before_advection,0,0,0,30000,30000,0,0,12611991826980894851,6830613091869111512,4959856451750937891,0,0,0,0,0,15.606408709560649,0
crossing-after-create,0,accepted,0,0,0,30000,30000,0,0,12611991826980894851,6830613091869111512,12611991826980894851,0,0,-2414.5255747613928,3221.8361399535916,0,15.606408709560649,0
crossing-after-create,0,restored_before_advection,1,100,100,30000,30000,0,0,12611991826980894851,6830613091869111512,12611991826980894851,0,0,-2414.5255747613928,3221.8361399535916,0,15.606408709560649,0
crossing-after-create,0,accepted,1,100,100,30124,30245,0,0,7530942072912272758,13089028198140357725,16052070219033545522,0.070597516881515915,-5.9646292265982077e-05,-0.060553658388432768,0.080630603477828383,0,15.606408709560643,0
crossing-after-resume,0,restored_before_advection,2,200,100,30124,30245,0,0,7530942072912272758,13089028198140357725,16052070219033545522,0.070597516881515915,-5.9646292265982077e-05,-0.060553658388432768,0.080630603477828383,0,15.606408709560643,0
crossing-after-resume,0,accepted,2,200,100,30124,30248,0,0,17051286675235538415,12111736135509581889,13744554556547702427,0.13872489170839886,-0.00012620202308747909,-0.087578392210288472,0.13510885486346164,0.047691786323343928,15.606408709560643,0
crossing-direct,0,restored_before_advection,0,0,0,30000,30000,0,0,12611991826980894851,6830613091869111512,4959856451750937891,0,0,0,0,0,15.606408709560649,0
crossing-direct,0,accepted,0,0,0,30000,30000,0,0,12611991826980894851,6830613091869111512,12611991826980894851,0,0,-2414.5255747613928,3221.8361399535916,0,15.606408709560649,0
crossing-direct,0,restored_before_advection,1,50,50,30000,30000,0,0,12611991826980894851,6830613091869111512,12611991826980894851,0,0,-2414.5255747613928,3221.8361399535916,0,15.606408709560649,0
crossing-direct,0,accepted,1,50,50,30122,30242,0,0,8146131323884969485,17542126071529805723,11180901121191706788,0.035298759441891481,-2.8094049038541022e-05,-0.030276830396278719,0.040315302277544103,0,15.606408709560643,0
crossing-retry,0,restored_before_advection,0,0,0,30000,30000,0,0,12611991826980894851,6830613091869111512,4959856451750937891,0,0,0,0,0,15.606408709560649,0
crossing-retry,0,accepted,0,0,0,30000,30000,0,0,12611991826980894851,6830613091869111512,12611991826980894851,0,0,-2414.5255747613928,3221.8361399535916,0,15.606408709560649,0
crossing-retry,0,restored_before_advection,1,100,100,30000,30000,0,0,12611991826980894851,6830613091869111512,12611991826980894851,0,0,-2414.5255747613928,3221.8361399535916,0,15.606408709560649,0
crossing-retry,0,rejected,1,100,100,30124,30245,0,0,7530942072912272758,13618828165778437539,16052070219033545522,0,0,-2414.5255747613928,3221.8361399535916,0,15.606408709560643,0
crossing-retry,0,restored_before_advection,1,50,50,30000,30000,121,245,12611991826980894851,6830613091869111512,12611991826980894851,0,0,-2414.5255747613928,3221.8361399535916,0,15.606408709560649,0
crossing-retry,0,accepted,1,50,50,30122,30242,0,0,9953009636837241246,4928433471521738985,5447193404023532420,0.035298759441891481,-2.7913238539028044e-05,-0.030276830396278719,0.040315302277544103,0,15.606408709560643,0
