id,x,y,xi,eta,H
6732,26674.093603471192,11495.635162388957,0.33704680173559609,0.74781758119447839,4835.7271140173025
6733,26088.701561537524,10588.085177941355,0.044350780768761977,0.29404258897067759,22925.527746486961
6734,27331.404086638824,10902.082460288766,0.66570204331941207,0.45104123014438302,3095.2446614256805
6735,27462.059596490384,10115.76413934564,0.7310297982451921,0.057882069672819857,4895.5021942129815
6736,27449.491060723238,11583.149719350533,0.72474553036161893,0.79157485967526642,1479.996568851378
6737,27682.588014998328,11799.505912633338,0.84129400749916383,0.89975295631666907,869.83263528247915
6738,27313.343993078102,11309.338048412095,0.65667199653905117,0.65466902420604767,2268.2570309490952
6739,26083.039230841237,11864.901658219906,0.041519615420618723,0.93245082910995281,8228.5114531689342
6740,27236.967868556105,11653.759140212578,0.61848393427805237,0.8268795701062891,1900.6074052987608
30141,26833.333333333332,10500,0.41666666666666663,0.25,11254.295757403739
30142,27833.333333333332,10500,0.91666666666666663,0.25,2211.9723964988557
