cell,id,x,y,xi,eta,constant,affine,curved
99_0:,848,9.0440863439125234,5.6539474661025251,0.044086343912523418,0.65394746610252508,100000000,119850015.08613262,106091953.3575954
99_0:,843,9.2372298440678051,5.4616945676416702,0.23722984406780512,0.46169456764167016,100000000,119659543.39106062,106115677.54366684
99_0:,856,9.5063915500645066,5.8009473161059217,0.50639155006450665,0.80094731610592174,100000000,121215625.04844676,108251964.51428953
99_0:,586,9.5137330698558831,5.1095559922722575,0.51373306985588307,0.10955599227225754,100000000,119156134.11652854,104907787.98264071
99_0:,847,9.4321719210354171,5.6791073017951597,0.43217192103541713,0.67910730179515966,100000000,120701665.74745631,107614069.52870694
99_0:,850,9.2419801660481955,5.7826522282610835,0.2419801660481955,0.78265222826108349,100000000,120631917.01687965,107325224.93446741
99_0:,841,9.59862253731918,5.4923952698959955,0.59862253731918003,0.49239526989599547,100000000,120474430.88432637,107192337.04621117
99_0:,583,9.4986466555920117,5.07521598593768,0.49864665559201171,0.075215985937679974,100000000,119022941.26899706,104670956.96209414
99_0:,854,9.5264648862511674,5.5086819157372888,0.52646488625116739,0.50868191573728883,100000000,120378975.51971419,107125289.58208798
99_0:,590,9.5285548581951165,5.3199009196034028,0.52855485819511649,0.31990091960340283,100000000,119816812.47520044,106164396.13671552
99_0:,844,9.1454003374257944,5.9921478094559717,0.14540033742579439,0.9921478094559717,100000000,121067244.10321952,107432423.71393889
99_0:,852,9.4982145416004187,5.5262756188521385,0.49821454160041867,0.52627561885213847,100000000,120375255.93975726,107143395.07760186
99_0:,849,9.3788461082926027,5.616610902094215,0.37884610829260268,0.61661090209421499,100000000,120407524.92286783,107213508.01243179
99_0:,585,9.1681010797142459,5.0377326931782758,0.16810107971424593,0.037732693178275767,100000000,118249400.23896334,103812913.59212559
99_0:,855,9.0373529846475549,5.8324923223081591,0.037352984647554877,0.83249232230815906,100000000,120372182.93621959,106564633.92465907
