fault,node,step,time_s,xd_m,x_m,y_m,slip_m,V_m_per_s,Theta_s,q_weak_Pa,sigma_n_weak_Pa
0,0,1,50,57735.026918962583,28867.513459481292,0,4.9999999907350297e-08,9.9999999814700589e-10,8000000.0000001071,26546122.369193368,50000000.012009703
0,1,1,50,55764.468372411182,27882.234186205591,1706.5537609580504,5.0000000283264677e-08,1.0000000056652935e-09,7999999.9999997299,26546122.369430702,49999999.9947557
0,2,1,50,53793.909825859788,26896.954912929894,3413.1075219161007,5.000000024656933e-08,1.0000000049313866e-09,7999999.9999997672,26546122.369828708,49999999.997233383
0,3,1,50,51823.351279308394,25911.675639654193,5119.6612828741509,4.9999999983436196e-08,9.9999999966872395e-10,8000000.0000000307,26546122.365674492,50000000.001799256
0,4,1,50,49852.792732756992,24926.396366378496,6826.2150438322014,5.0000000127146102e-08,1.000000002542922e-09,7999999.9999998864,26546122.36720226,49999999.997909732
0,5,1,50,47882.234186205598,23941.117093102795,8532.768804790252,4.9999999903470866e-08,9.9999999806941738e-10,8000000.0000001099,26546122.364025332,50000000.002458327
0,6,1,50,45911.675639654204,22955.837819827098,10239.322565748302,5.0000000098614002e-08,1.0000000019722801e-09,7999999.9999999152,26546122.366554059,49999999.998032525
0,7,1,50,43941.117093102795,21970.558546551398,11945.876326706353,4.9999999868632619e-08,9.9999999737265234e-10,8000000.0000001453,26546122.363171093,50000000.002489761
0,8,1,50,41970.558546551401,20985.279273275701,13652.430087664403,5.0000000088514841e-08,1.0000000017702969e-09,7999999.9999999255,26546122.366250202,49999999.997935578
0,9,1,50,40000.000000000007,20000,15358.983848622454,4.9999999867955912e-08,9.9999999735911822e-10,8000000.0000001462,26546122.363242492,50000000.002656132
0,10,1,50,38166.666666666672,19083.333333333332,16946.697088893925,5.0000000080903053e-08,1.0000000016180611e-09,7999999.9999999329,26546122.365942582,49999999.997714639
0,11,1,50,36333.333333333343,18166.666666666668,18534.410329165396,4.9999999881400033e-08,9.9999999762800072e-10,8000000.0000001322,26546122.36346367,50000000.00243967
0,12,1,50,34500.000000000007,17250,20122.123569436866,5.0000000048001467e-08,1.0000000009600294e-09,7999999.9999999655,26546122.365498397,49999999.998427197
0,13,1,50,32666.666666666668,16333.333333333332,21709.83680970834,4.9999999913923921e-08,9.9999999827847839e-10,8000000.0000000997,26546122.363700699,50000000.001354687
0,14,1,50,30833.333333333336,15416.666666666668,23297.550049979811,5.0000000000137925e-08,1.0000000000027585e-09,8000000.000000013,26546122.364958126,49999999.999663472
0,15,1,50,29000,14500,24885.263290251281,4.9999999974815697e-08,9.9999999949631386e-10,8000000.0000000391,26546122.364581704,50000000.000146784
0,16,1,50,27166.666666666664,13583.333333333332,26472.976530522756,4.9999999937674592e-08,9.9999999875349182e-10,8000000.0000000764,26546122.363986846,50000000.000775367
0,17,1,50,25333.333333333332,12666.666666666666,28060.689770794226,5.0000000028001928e-08,1.0000000005600386e-09,7999999.999999986,26546122.36526965,49999999.998938031
0,18,1,50,23499.999999999996,11750,29648.403011065697,4.9999999880524975e-08,9.9999999761049944e-10,8000000.0000001332,26546122.363277499,50000000.002130374
0,19,1,50,21666.666666666664,10833.333333333334,31236.116251337167,5.0000000075751862e-08,1.0000000015150372e-09,7999999.9999999376,26546122.365856964,49999999.997795902
0,20,1,50,19833.333333333332,9916.6666666666661,32823.829491608638,4.9999999859467352e-08,9.9999999718934705e-10,8000000.0000001546,26546122.363071255,50000000.002733387
0,21,1,50,18000,9000,34411.542731880108,5.0000000081408202e-08,1.0000000016281641e-09,7999999.9999999329,26546122.365864255,49999999.997543342
0,22,1,50,16500,8250,35710.580837556765,4.9999999877971601e-08,9.99999997559432e-10,8000000.000000136,26546122.363263056,50000000.002223209
0,23,1,50,15000,7500,37009.618943233421,5.0000000003292613e-08,1.0000000000658523e-09,8000000.0000000112,26546122.364926949,49999999.999456212
0,24,1,50,13124.999999999996,6562.5,38633.416575329247,4.999999998046761e-08,9.9999999960935223e-10,8000000.0000000326,26546122.36464946,50000000.00000824
0,25,1,50,11250,5625,40257.214207425066,4.9999999927564738e-08,9.9999999855129476e-10,8000000.0000000866,26546122.363851149,50000000.000995748
0,26,1,50,9375.0000000000036,4687.5,41881.011839520885,5.0000000028819711e-08,1.0000000005763942e-09,7999999.9999999851,26546122.365216475,49999999.998799466
0,27,1,50,7500,3750,43504.809471616711,4.9999999890662682e-08,9.9999999781325361e-10,8000000.0000001229,26546122.363480996,50000000.002036184
0,28,1,50,5624.9999999999973,2812.5,45128.607103712537,5.0000000060013943e-08,1.0000000012002788e-09,7999999.9999999544,26546122.365622647,49999999.998095587
0,29,1,50,3750,1875,46752.404735808355,4.9999999880134916e-08,9.999999976026983e-10,8000000.0000001332,26546122.363218822,50000000.002038106
0,30,1,50,1875.0000000000032,937.5,48376.202367904174,5.000000003019037e-08,1.0000000006038074e-09,7999999.9999999832,26546122.365380034,49999999.999042884
0,31,1,50,0,0,50000,4.9999999960537633e-08,9.9999999921075271e-10,8000000.0000000531,26546122.364424415,50000000.000522904
