stage,step,time,dt,n,next_id,born_or_received,lost_or_sent,position_hash,property_hash,integrator_hash,stress_max,stress_mean,pressure_min,pressure_max,mapped_stress_max,H_min,H_negative,rng_hash,membership_hash,audit_size,audit_hash,partition_hash,new_ids,received_ids
generated,0,0,0,14992,30000,0,0,6433674047726928419,11863731657974374855,1946772067926687779,0,0,0,0,0,15.606408709560649,0,2360579721516713078,417805044710850883,14992,7321665387985952865,7327332771342214326,14992,0
backup,0,0,0,14992,30000,0,0,6433674047726928419,11863731657974374855,1946772067926687779,0,0,0,0,0,15.606408709560649,0,2360579721516713078,417805044710850883,14992,7321665387985952865,7327332771342214326,0,0
restored_before_advection,0,0,0,14992,30000,0,0,6433674047726928419,11863731657974374855,1946772067926687779,0,0,0,0,0,15.606408709560649,0,2360579721516713078,417805044710850883,14992,7321665387985952865,7327332771342214326,0,0
managed,0,0,0,14992,30000,0,0,6433674047726928419,11863731657974374855,6433674047726928419,0,0,0,0,0,15.606408709560649,0,2360579721516713078,417805044710850883,14992,7321665387985952865,7327332771342214326,0,0
incoming,0,0,0,14992,30000,0,0,6433674047726928419,11863731657974374855,6433674047726928419,0,0,0,0,0,15.606408709560649,0,2360579721516713078,417805044710850883,15648,3999091005306680364,7327332771342214326,0,0
incoming,0,0,0,14992,30000,0,0,6433674047726928419,11863731657974374855,6433674047726928419,0,0,0,0,0,15.606408709560649,0,2360579721516713078,417805044710850883,15648,3999091005306680364,7327332771342214326,0,0
incoming,0,0,0,14992,30000,0,0,6433674047726928419,11863731657974374855,6433674047726928419,0,0,0,0,0,15.606408709560649,0,2360579721516713078,417805044710850883,15648,3999091005306680364,7327332771342214326,0,0
accepted,0,0,0,14992,30000,0,0,6433674047726928419,11863731657974374855,6433674047726928419,0,0,-2414.5255747615438,3221.8361399532669,0,15.606408709560649,0,2360579721516713078,417805044710850883,15648,3999091005306680364,7327332771342214326,0,0
checkpoint,1,100,100,14992,30000,0,0,6433674047726928419,11863731657974374855,6433674047726928419,0,0,-2414.5255747615438,3221.8361399532669,0,15.606408709560649,0,2360579721516713078,417805044710850883,15648,3999091005306680364,7327332771342214326,0,0
backup,1,100,100,14992,30000,0,0,6433674047726928419,11863731657974374855,6433674047726928419,0,0,-2414.5255747615438,3221.8361399532669,0,15.606408709560649,0,2360579721516713078,417805044710850883,15648,3999091005306680364,7327332771342214326,0,0
restored_before_advection,1,100,100,14992,30000,0,0,6433674047726928419,11863731657974374855,6433674047726928419,0,0,-2414.5255747615438,3221.8361399532669,0,15.606408709560649,0,2360579721516713078,417805044710850883,15648,3999091005306680364,7327332771342214326,0,0
managed,1,100,100,15008,30245,29,13,14862116062191035505,9556523340217488208,1793351561480578334,0,0,-2414.5255747615438,3221.8361399532669,0,15.606408709560649,0,9950420861948261084,10387854356480786279,15648,3999091005306680364,7327332771342214326,29,0
incoming,1,100,100,15008,30245,0,0,14862116062191035505,7962359884570156495,1793351561480578334,0,0,-2414.5255747615438,3221.8361399532669,0,15.606408709560649,0,9950420861948261084,10387854356480786279,15668,9502758083999375218,7327332771342214326,0,0
incoming,1,100,100,15008,30245,0,0,14862116062191035505,7962359884570156495,1793351561480578334,0,0,-2414.5255747615438,3221.8361399532669,0,15.606408709560649,0,9950420861948261084,10387854356480786279,15668,9502758083999375218,7327332771342214326,0,0
incoming,1,100,100,15008,30245,0,0,14862116062191035505,7962359884570156495,1793351561480578334,0,0,-2414.5255747615438,3221.8361399532669,0,15.606408709560649,0,9950420861948261084,10387854356480786279,15668,9502758083999375218,7327332771342214326,0,0
accepted,1,100,100,15008,30245,0,0,14862116062191035505,4777080462487590906,1793351561480578334,0.070597516881518829,-2.607698491068763e-05,-0.060553658388432151,0.080630603477833171,0,15.606408709560649,0,9950420861948261084,10387854356480786279,15668,9502758083999375218,7327332771342214326,0,0
checkpoint,2,200,100,15008,30245,0,0,14862116062191035505,4777080462487590906,1793351561480578334,0.070597516881518829,-2.607698491068763e-05,-0.060553658388432151,0.080630603477833171,0,15.606408709560649,0,9950420861948261084,10387854356480786279,15668,9502758083999375218,7327332771342214326,0,0
backup,2,200,100,15008,30245,0,0,14862116062191035505,4777080462487590906,1793351561480578334,0.070597516881518829,-2.607698491068763e-05,-0.060553658388432151,0.080630603477833171,0,15.606408709560649,0,9950420861948261084,10387854356480786279,15668,9502758083999375218,7327332771342214326,0,0
restored_before_advection,2,200,100,15008,30245,0,0,14862116062191035505,4777080462487590906,1793351561480578334,0.070597516881518829,-2.607698491068763e-05,-0.060553658388432151,0.080630603477833171,0,15.606408709560649,0,9950420861948261084,10387854356480786279,15668,9502758083999375218,7327332771342214326,0,0
managed,2,200,100,15008,30248,3,3,17990336841699567543,4307928478748038994,389591298688991856,0.070597516881518829,-3.3264836602929293e-05,-0.060553658388432151,0.080630603477833171,0,15.606408709560649,0,6098692522647492932,9308332136203471547,15668,9502758083999375218,7327332771342214326,3,0
incoming,2,200,100,15008,30248,0,0,17990336841699567543,14928437702579684271,389591298688991856,0.070597516881518829,-3.3264836602929293e-05,-0.060553658388432151,0.080630603477833171,0.047691786323346252,15.606408709560649,0,6098692522647492932,9308332136203471547,15668,6465540832638335600,7327332771342214326,0,0
incoming,2,200,100,15008,30248,0,0,17990336841699567543,14928437702579684271,389591298688991856,0.070597516881518829,-3.3264836602929293e-05,-0.060553658388432151,0.080630603477833171,0.047691786323346252,15.606408709560649,0,6098692522647492932,9308332136203471547,15668,6465540832638335600,7327332771342214326,0,0
accepted,2,200,100,15008,30248,0,0,17990336841699567543,1678781058018841798,389591298688991856,0.13872445701784888,-0.00012369098443232489,-0.087578574823566055,0.13510751065608967,0.047691786323346252,15.606408709560649,0,6098692522647492932,9308332136203471547,15668,6465540832638335600,7327332771342214326,0,0
checkpoint,3,300,100,15008,30248,0,0,17990336841699567543,1678781058018841798,389591298688991856,0.13872445701784888,-0.00012369098443232489,-0.087578574823566055,0.13510751065608967,0.047691786323346252,15.606408709560649,0,6098692522647492932,9308332136203471547,15668,6465540832638335600,7327332771342214326,0,0
