step,time,dt,id,x,y,H,expected,Hc,active,audit_already_present
1,100,100,30000,29500,1166.6666666666667,347716.55241339881,347716.55241339881,15.606408709560649,1,0
1,100,100,30001,28166.666666666668,833.33333333333326,791018.79484781716,791018.79484781716,15.606408709560649,1,0
1,100,100,30002,29833.333333333332,166.66666666666666,451922.92360910447,451922.92360910447,15.606408709560649,1,0
1,100,100,30003,29166.666666666668,166.66666666666666,744204.48887568421,744204.48887568421,15.606408709560649,1,0
1,100,100,30004,28166.666666666668,166.66666666666666,663580.47065204114,663580.47065204114,15.606408709560649,1,0
1,100,100,30005,31833.333333333332,833.33333333333326,19578.229747041772,19578.229747041772,15.606408709560649,1,0
1,100,100,30006,31500,166.66666666666666,53477.672276642646,53477.672276642646,15.606408709560649,1,0
1,100,100,30007,30500,166.66666666666666,207835.25573876093,207835.25573876093,15.606408709560649,1,0
1,100,100,30008,30833.333333333332,833.33333333333326,79113.334999504761,79113.334999504761,15.606408709560649,1,0
1,100,100,30009,30166.666666666668,833.33333333333326,194459.83265828504,194459.83265828504,15.606408709560649,1,0
1,100,100,30010,31500,1166.6666666666667,23847.541990379053,23847.541990379053,15.606408709560649,1,0
1,100,100,30011,31166.666666666668,500,65070.856586527399,65070.856586527399,15.606408709560649,1,0
1,100,100,30012,30500,1166.6666666666667,96072.864113903444,96072.864113903444,15.606408709560649,1,0
1,100,100,30013,32500,833.33333333333326,7693.7471081612539,7693.7471081612539,15.606408709560649,1,0
1,100,100,30014,33500,500,2451.7376001162256,2451.7376001162256,15.606408709560649,1,0
1,100,100,30015,33500,1166.6666666666667,1402.7701895194075,1402.7701895194075,15.606408709560649,1,0
1,100,100,30016,32833.333333333336,166.66666666666666,8271.1643743907189,8271.1643743907189,15.606408709560649,1,0
1,100,100,30017,32166.666666666668,166.66666666666666,21044.0990722075,21044.0990722075,15.606408709560649,1,0
1,100,100,30018,33833.333333333336,166.66666666666666,2001.4179323886121,2001.4179323886121,15.606408709560649,1,0
1,100,100,30019,32833.333333333336,1166.6666666666667,3665.1718253692925,3665.1718253692925,15.606408709560649,1,0
1,100,100,30020,32166.666666666668,1166.6666666666667,9374.893340286013,9374.893340286013,15.606408709560649,1,0
1,100,100,30021,35500,833.33333333333326,15.606408709560649,15.606408709560649,15.606408709560649,0,0
1,100,100,30022,35833.333333333336,166.66666666666666,15.606408709560649,15.606408709560649,15.606408709560649,0,0
1,100,100,30023,35166.666666666664,166.66666666666666,15.606408709560649,15.606408709560649,15.606408709560649,0,0
1,100,100,30024,34833.333333333336,833.33333333333326,15.606408709560649,15.606408709560649,15.606408709560649,0,0
1,100,100,30025,34166.666666666664,833.33333333333326,689.76424323128504,689.76424323128504,15.606408709560649,1,0
1,100,100,30026,34500,166.66666666666666,746.23960938481707,746.23960938481707,15.606408709560649,1,0
1,100,100,30027,35833.333333333336,1166.6666666666667,15.606408709560649,15.606408709560649,15.606408709560649,0,0
1,100,100,30028,34500,1166.6666666666667,15.606408709560649,15.606408709560649,15.606408709560649,0,0
1,100,100,30029,36833.333333333336,500,15.606408709560649,15.606408709560649,15.606408709560649,0,0
1,100,100,30030,37500,166.66666666666666,15.606408709560649,15.606408709560649,15.606408709560649,0,0
1,100,100,30031,36500,1166.6666666666667,15.606408709560649,15.606408709560649,15.606408709560649,0,0
1,100,100,30032,37500,1166.6666666666667,15.606408709560649,15.606408709560649,15.606408709560649,0,0
1,100,100,30033,36166.666666666664,500,15.606408709560649,15.606408709560649,15.606408709560649,0,0
1,100,100,30034,37833.333333333336,833.33333333333326,15.606408709560649,15.606408709560649,15.606408709560649,0,0
1,100,100,30035,36500,166.66666666666666,15.606408709560649,15.606408709560649,15.606408709560649,0,0
1,100,100,30036,37166.666666666664,833.33333333333326,15.606408709560649,15.606408709560649,15.606408709560649,0,0
1,100,100,30037,39833.333333333336,166.66666666666666,15.606408709560649,15.606408709560649,15.606408709560649,0,0
1,100,100,30038,39833.333333333336,833.33333333333326,15.606408709560649,15.606408709560649,15.606408709560649,0,0
1,100,100,30039,38833.333333333336,166.66666666666666,15.606408709560649,15.606408709560649,15.606408709560649,0,0
1,100,100,30040,38833.333333333336,833.33333333333326,15.606408709560649,15.606408709560649,15.606408709560649,0,0
1,100,100,30041,38166.666666666664,166.66666666666666,15.606408709560649,15.606408709560649,15.606408709560649,0,0
1,100,100,30042,38166.666666666664,1166.6666666666667,15.606408709560649,15.606408709560649,15.606408709560649,0,0
1,100,100,30043,39500,1166.6666666666667,15.606408709560649,15.606408709560649,15.606408709560649,0,0
1,100,100,30044,39500,500,15.606408709560649,15.606408709560649,15.606408709560649,0,0
1,100,100,30045,40500,1166.6666666666667,15.606408709560649,15.606408709560649,15.606408709560649,0,0
1,100,100,30046,41833.333333333336,833.33333333333326,15.606408709560649,15.606408709560649,15.606408709560649,0,0
1,100,100,30047,41166.666666666664,833.33333333333326,15.606408709560649,15.606408709560649,15.606408709560649,0,0
1,100,100,30048,41500,166.66666666666666,15.606408709560649,15.606408709560649,15.606408709560649,0,0
1,100,100,30049,40500,500,15.606408709560649,15.606408709560649,15.606408709560649,0,0
1,100,100,30050,40833.333333333336,166.66666666666666,15.606408709560649,15.606408709560649,15.606408709560649,0,0
1,100,100,30051,41500,1166.6666666666667,15.606408709560649,15.606408709560649,15.606408709560649,0,0
1,100,100,30052,40166.666666666664,166.66666666666666,15.606408709560649,15.606408709560649,15.606408709560649,0,0
1,100,100,30053,43166.666666666664,166.66666666666666,15.606408709560649,15.606408709560649,15.606408709560649,0,0
1,100,100,30054,42500,1166.6666666666667,15.606408709560649,15.606408709560649,15.606408709560649,0,0
1,100,100,30055,43166.666666666664,833.33333333333326,15.606408709560649,15.606408709560649,15.606408709560649,0,0
1,100,100,30056,43833.333333333336,166.66666666666666,15.606408709560649,15.606408709560649,15.606408709560649,0,0
1,100,100,30057,42166.666666666664,166.66666666666666,15.606408709560649,15.606408709560649,15.606408709560649,0,0
1,100,100,30058,43833.333333333336,833.33333333333326,15.606408709560649,15.606408709560649,15.606408709560649,0,0
1,100,100,30059,42500,500,15.606408709560649,15.606408709560649,15.606408709560649,0,0
1,100,100,30060,43500,1166.6666666666667,15.606408709560649,15.606408709560649,15.606408709560649,0,0
1,100,100,30061,45500,1166.6666666666667,15.606408709560649,15.606408709560649,15.606408709560649,0,0
1,100,100,30062,44500,166.66666666666666,15.606408709560649,15.606408709560649,15.606408709560649,0,0
1,100,100,30063,44833.333333333336,833.33333333333326,15.606408709560649,15.606408709560649,15.606408709560649,0,0
1,100,100,30064,45500,166.66666666666666,15.606408709560649,15.606408709560649,15.606408709560649,0,0
1,100,100,30065,44166.666666666664,1166.6666666666667,15.606408709560649,15.606408709560649,15.606408709560649,0,0
1,100,100,30066,45833.333333333336,833.33333333333326,15.606408709560649,15.606408709560649,15.606408709560649,0,0
1,100,100,30067,44166.666666666664,500,15.606408709560649,15.606408709560649,15.606408709560649,0,0
1,100,100,30068,45166.666666666664,500,15.606408709560649,15.606408709560649,15.606408709560649,0,0
1,100,100,30069,47833.333333333336,833.33333333333326,15.606408709560649,15.606408709560649,15.606408709560649,0,0
1,100,100,30070,47166.666666666664,833.33333333333326,15.606408709560649,15.606408709560649,15.606408709560649,0,0
1,100,100,30071,47500,166.66666666666666,15.606408709560649,15.606408709560649,15.606408709560649,0,0
1,100,100,30072,46500,1166.6666666666667,15.606408709560649,15.606408709560649,15.606408709560649,0,0
1,100,100,30073,46166.666666666664,166.66666666666666,15.606408709560649,15.606408709560649,15.606408709560649,0,0
1,100,100,30074,46833.333333333336,166.66666666666666,15.606408709560649,15.606408709560649,15.606408709560649,0,0
1,100,100,30075,47500,1166.6666666666667,15.606408709560649,15.606408709560649,15.606408709560649,0,0
1,100,100,30076,46500,500,15.606408709560649,15.606408709560649,15.606408709560649,0,0
1,100,100,30077,49166.666666666664,166.66666666666666,15.606408709560649,15.606408709560649,15.606408709560649,0,0
1,100,100,30078,48166.666666666664,166.66666666666666,15.606408709560649,15.606408709560649,15.606408709560649,0,0
1,100,100,30079,49500,1166.6666666666667,15.606408709560649,15.606408709560649,15.606408709560649,0,0
1,100,100,30080,48833.333333333336,833.33333333333326,15.606408709560649,15.606408709560649,15.606408709560649,0,0
1,100,100,30081,49833.333333333336,166.66666666666666,15.606408709560649,15.606408709560649,15.606408709560649,0,0
1,100,100,30082,48166.666666666664,1166.6666666666667,15.606408709560649,15.606408709560649,15.606408709560649,0,0
1,100,100,30083,49833.333333333336,833.33333333333326,15.606408709560649,15.606408709560649,15.606408709560649,0,0
1,100,100,30084,48500,500,15.606408709560649,15.606408709560649,15.606408709560649,0,0
1,100,100,30085,50500,166.66666666666666,15.606408709560649,15.606408709560649,15.606408709560649,0,0
1,100,100,30086,51833.333333333336,166.66666666666666,15.606408709560649,15.606408709560649,15.606408709560649,0,0
1,100,100,30087,50500,833.33333333333326,15.606408709560649,15.606408709560649,15.606408709560649,0,0
1,100,100,30088,51166.666666666664,500,15.606408709560649,15.606408709560649,15.606408709560649,0,0
1,100,100,30089,51500,1166.6666666666667,15.606408709560649,15.606408709560649,15.606408709560649,0,0
1,100,100,30090,51833.333333333336,833.33333333333326,15.606408709560649,15.606408709560649,15.606408709560649,0,0
1,100,100,30091,50833.333333333336,1166.6666666666667,15.606408709560649,15.606408709560649,15.606408709560649,0,0
1,100,100,30092,50166.666666666664,1166.6666666666667,15.606408709560649,15.606408709560649,15.606408709560649,0,0
1,100,100,30093,53166.666666666664,500,15.606408709560649,15.606408709560649,15.606408709560649,0,0
1,100,100,30094,53833.333333333336,166.66666666666666,15.606408709560649,15.606408709560649,15.606408709560649,0,0
1,100,100,30095,53500,1166.6666666666667,15.606408709560649,15.606408709560649,15.606408709560649,0,0
1,100,100,30096,52500,833.33333333333326,15.606408709560649,15.606408709560649,15.606408709560649,0,0
1,100,100,30097,52500,166.66666666666666,15.606408709560649,15.606408709560649,15.606408709560649,0,0
1,100,100,30098,53833.333333333336,833.33333333333326,15.606408709560649,15.606408709560649,15.606408709560649,0,0
1,100,100,30099,52833.333333333336,1166.6666666666667,15.606408709560649,15.606408709560649,15.606408709560649,0,0
1,100,100,30100,52166.666666666664,1166.6666666666667,15.606408709560649,15.606408709560649,15.606408709560649,0,0
1,100,100,30101,55500,500,15.606408709560649,15.606408709560649,15.606408709560649,0,0
1,100,100,30102,54833.333333333336,500,15.606408709560649,15.606408709560649,15.606408709560649,0,0
1,100,100,30103,54500,1166.6666666666667,15.606408709560649,15.606408709560649,15.606408709560649,0,0
1,100,100,30104,55500,1166.6666666666667,15.606408709560649,15.606408709560649,15.606408709560649,0,0
1,100,100,30105,55833.333333333336,166.66666666666666,15.606408709560649,15.606408709560649,15.606408709560649,0,0
1,100,100,30106,54500,166.66666666666666,15.606408709560649,15.606408709560649,15.606408709560649,0,0
1,100,100,30107,55833.333333333336,833.33333333333326,15.606408709560649,15.606408709560649,15.606408709560649,0,0
1,100,100,30108,55166.666666666664,166.66666666666666,15.606408709560649,15.606408709560649,15.606408709560649,0,0
1,100,100,30109,57166.666666666664,166.66666666666666,15.606408709560649,15.606408709560649,15.606408709560649,0,0
1,100,100,30110,57166.666666666664,833.33333333333326,15.606408709560649,15.606408709560649,15.606408709560649,0,0
1,100,100,30111,57833.333333333336,500,15.606408709560649,15.606408709560649,15.606408709560649,0,0
1,100,100,30112,56500,1166.6666666666667,15.606408709560649,15.606408709560649,15.606408709560649,0,0
1,100,100,30113,56500,500,15.606408709560649,15.606408709560649,15.606408709560649,0,0
1,100,100,30114,57833.333333333336,1166.6666666666667,15.606408709560649,15.606408709560649,15.606408709560649,0,0
1,100,100,30115,56166.666666666664,166.66666666666666,15.606408709560649,15.606408709560649,15.606408709560649,0,0
1,100,100,30116,57833.333333333336,166.66666666666666,15.606408709560649,15.606408709560649,15.606408709560649,0,0
1,100,100,30117,59500,1166.6666666666667,15.606408709560649,15.606408709560649,15.606408709560649,0,0
1,100,100,30118,58500,833.33333333333326,15.606408709560649,15.606408709560649,15.606408709560649,0,0
1,100,100,30119,58500,166.66666666666666,15.606408709560649,15.606408709560649,15.606408709560649,0,0
1,100,100,30120,59833.333333333336,166.66666666666666,15.606408709560649,15.606408709560649,15.606408709560649,0,0
1,100,100,30121,59166.666666666664,500,15.606408709560649,15.606408709560649,15.606408709560649,0,0
1,100,100,30122,59833.333333333336,833.33333333333326,15.606408709560649,15.606408709560649,15.606408709560649,0,0
1,100,100,30123,58833.333333333336,1166.6666666666667,15.606408709560649,15.606408709560649,15.606408709560649,0,0
1,100,100,30124,58166.666666666664,1166.6666666666667,15.606408709560649,15.606408709560649,15.606408709560649,0,0
1,100,100,30125,61833.333333333336,500,15.606408709560649,15.606408709560649,15.606408709560649,0,0
1,100,100,30126,61166.666666666664,166.66666666666666,15.606408709560649,15.606408709560649,15.606408709560649,0,0
1,100,100,30127,60500,833.33333333333326,15.606408709560649,15.606408709560649,15.606408709560649,0,0
1,100,100,30128,61500,1166.6666666666667,15.606408709560649,15.606408709560649,15.606408709560649,0,0
1,100,100,30129,60500,166.66666666666666,15.606408709560649,15.606408709560649,15.606408709560649,0,0
1,100,100,30130,61166.666666666664,833.33333333333326,15.606408709560649,15.606408709560649,15.606408709560649,0,0
1,100,100,30131,60166.666666666664,1166.6666666666667,15.606408709560649,15.606408709560649,15.606408709560649,0,0
1,100,100,30132,60833.333333333336,1166.6666666666667,15.606408709560649,15.606408709560649,15.606408709560649,0,0
1,100,100,30133,62500,833.33333333333326,15.606408709560649,15.606408709560649,15.606408709560649,0,0
1,100,100,30134,62833.333333333336,166.66666666666666,15.606408709560649,15.606408709560649,15.606408709560649,0,0
1,100,100,30135,63833.333333333336,500,15.606408709560649,15.606408709560649,15.606408709560649,0,0
1,100,100,30136,63166.666666666664,833.33333333333326,15.606408709560649,15.606408709560649,15.606408709560649,0,0
1,100,100,30137,63833.333333333336,1166.6666666666667,15.606408709560649,15.606408709560649,15.606408709560649,0,0
1,100,100,30138,62166.666666666664,166.66666666666666,15.606408709560649,15.606408709560649,15.606408709560649,0,0
1,100,100,30139,63500,166.66666666666666,15.606408709560649,15.606408709560649,15.606408709560649,0,0
1,100,100,30140,62166.666666666664,1166.6666666666667,15.606408709560649,15.606408709560649,15.606408709560649,0,0
1,100,100,30141,65833.333333333328,833.33333333333326,15.606408709560649,15.606408709560649,15.606408709560649,0,0
1,100,100,30142,64500,1166.6666666666667,15.606408709560649,15.606408709560649,15.606408709560649,0,0
1,100,100,30143,64833.333333333336,166.66666666666666,15.606408709560649,15.606408709560649,15.606408709560649,0,0
1,100,100,30144,65833.333333333328,166.66666666666666,15.606408709560649,15.606408709560649,15.606408709560649,0,0
1,100,100,30145,65166.666666666664,833.33333333333326,15.606408709560649,15.606408709560649,15.606408709560649,0,0
1,100,100,30146,64166.666666666664,166.66666666666666,15.606408709560649,15.606408709560649,15.606408709560649,0,0
1,100,100,30147,64500,500,15.606408709560649,15.606408709560649,15.606408709560649,0,0
1,100,100,30148,65500,1166.6666666666667,15.606408709560649,15.606408709560649,15.606408709560649,0,0
1,100,100,30149,66500,1166.6666666666667,15.606408709560649,15.606408709560649,15.606408709560649,0,0
1,100,100,30150,67166.666666666672,166.66666666666666,15.606408709560649,15.606408709560649,15.606408709560649,0,0
1,100,100,30151,67833.333333333328,833.33333333333326,15.606408709560649,15.606408709560649,15.606408709560649,0,0
1,100,100,30152,66500,166.66666666666666,15.606408709560649,15.606408709560649,15.606408709560649,0,0
1,100,100,30153,67833.333333333328,166.66666666666666,15.606408709560649,15.606408709560649,15.606408709560649,0,0
1,100,100,30154,67166.666666666672,833.33333333333326,15.606408709560649,15.606408709560649,15.606408709560649,0,0
1,100,100,30155,66166.666666666672,500,15.606408709560649,15.606408709560649,15.606408709560649,0,0
1,100,100,30156,67500,1166.6666666666667,15.606408709560649,15.606408709560649,15.606408709560649,0,0
1,100,100,30157,69500,1166.6666666666667,15.606408709560649,15.606408709560649,15.606408709560649,0,0
1,100,100,30158,68833.333333333328,833.33333333333326,15.606408709560649,15.606408709560649,15.606408709560649,0,0
1,100,100,30159,69833.333333333328,500,15.606408709560649,15.606408709560649,15.606408709560649,0,0
1,100,100,30160,68833.333333333328,166.66666666666666,15.606408709560649,15.606408709560649,15.606408709560649,0,0
1,100,100,30161,68166.666666666672,1166.6666666666667,15.606408709560649,15.606408709560649,15.606408709560649,0,0
1,100,100,30162,68166.666666666672,500,15.606408709560649,15.606408709560649,15.606408709560649,0,0
1,100,100,30163,69500,166.66666666666666,15.606408709560649,15.606408709560649,15.606408709560649,0,0
1,100,100,30164,69166.666666666672,500,15.606408709560649,15.606408709560649,15.606408709560649,0,0
1,100,100,30165,71500,166.66666666666666,15.606408709560649,15.606408709560649,15.606408709560649,0,0
1,100,100,30166,70833.333333333328,833.33333333333326,15.606408709560649,15.606408709560649,15.606408709560649,0,0
1,100,100,30167,71500,1166.6666666666667,15.606408709560649,15.606408709560649,15.606408709560649,0,0
1,100,100,30168,70833.333333333328,166.66666666666666,15.606408709560649,15.606408709560649,15.606408709560649,0,0
1,100,100,30169,70166.666666666672,1166.6666666666667,15.606408709560649,15.606408709560649,15.606408709560649,0,0
1,100,100,30170,70166.666666666672,166.66666666666666,15.606408709560649,15.606408709560649,15.606408709560649,0,0
1,100,100,30171,71833.333333333328,833.33333333333326,15.606408709560649,15.606408709560649,15.606408709560649,0,0
1,100,100,30172,71166.666666666672,500,15.606408709560649,15.606408709560649,15.606408709560649,0,0
1,100,100,30173,72833.333333333328,833.33333333333326,15.606408709560649,15.606408709560649,15.606408709560649,0,0
1,100,100,30174,73833.333333333328,166.66666666666666,15.606408709560649,15.606408709560649,15.606408709560649,0,0
1,100,100,30175,73166.666666666672,166.66666666666666,15.606408709560649,15.606408709560649,15.606408709560649,0,0
1,100,100,30176,72500,166.66666666666666,15.606408709560649,15.606408709560649,15.606408709560649,0,0
1,100,100,30177,73500,833.33333333333326,15.606408709560649,15.606408709560649,15.606408709560649,0,0
1,100,100,30178,72166.666666666672,1166.6666666666667,15.606408709560649,15.606408709560649,15.606408709560649,0,0
1,100,100,30179,73833.333333333328,1166.6666666666667,15.606408709560649,15.606408709560649,15.606408709560649,0,0
1,100,100,30180,72166.666666666672,500,15.606408709560649,15.606408709560649,15.606408709560649,0,0
1,100,100,30181,74833.333333333328,833.33333333333326,15.606408709560649,15.606408709560649,15.606408709560649,0,0
1,100,100,30182,74500,166.66666666666666,15.606408709560649,15.606408709560649,15.606408709560649,0,0
1,100,100,30183,75500,500,15.606408709560649,15.606408709560649,15.606408709560649,0,0
1,100,100,30184,75500,1166.6666666666667,15.606408709560649,15.606408709560649,15.606408709560649,0,0
1,100,100,30185,74166.666666666672,833.33333333333326,15.606408709560649,15.606408709560649,15.606408709560649,0,0
1,100,100,30186,75833.333333333328,166.66666666666666,15.606408709560649,15.606408709560649,15.606408709560649,0,0
1,100,100,30187,75166.666666666672,166.66666666666666,15.606408709560649,15.606408709560649,15.606408709560649,0,0
1,100,100,30188,74500,1166.6666666666667,15.606408709560649,15.606408709560649,15.606408709560649,0,0
1,100,100,30189,77833.333333333328,833.33333333333326,15.606408709560649,15.606408709560649,15.606408709560649,0,0
1,100,100,30190,76500,166.66666666666666,15.606408709560649,15.606408709560649,15.606408709560649,0,0
1,100,100,30191,76500,833.33333333333326,15.606408709560649,15.606408709560649,15.606408709560649,0,0
1,100,100,30192,77166.666666666672,833.33333333333326,15.606408709560649,15.606408709560649,15.606408709560649,0,0
1,100,100,30193,77500,166.66666666666666,15.606408709560649,15.606408709560649,15.606408709560649,0,0
1,100,100,30194,76166.666666666672,1166.6666666666667,15.606408709560649,15.606408709560649,15.606408709560649,0,0
1,100,100,30195,77500,1166.6666666666667,15.606408709560649,15.606408709560649,15.606408709560649,0,0
1,100,100,30196,76833.333333333328,1166.6666666666667,15.606408709560649,15.606408709560649,15.606408709560649,0,0
1,100,100,30197,79500,833.33333333333326,15.606408709560649,15.606408709560649,15.606408709560649,0,0
1,100,100,30198,78500,833.33333333333326,15.606408709560649,15.606408709560649,15.606408709560649,0,0
1,100,100,30199,78833.333333333328,166.66666666666666,15.606408709560649,15.606408709560649,15.606408709560649,0,0
1,100,100,30200,78166.666666666672,166.66666666666666,15.606408709560649,15.606408709560649,15.606408709560649,0,0
1,100,100,30201,79833.333333333328,166.66666666666666,15.606408709560649,15.606408709560649,15.606408709560649,0,0
1,100,100,30202,79833.333333333328,1166.6666666666667,15.606408709560649,15.606408709560649,15.606408709560649,0,0
1,100,100,30203,78833.333333333328,1166.6666666666667,15.606408709560649,15.606408709560649,15.606408709560649,0,0
1,100,100,30204,78166.666666666672,1166.6666666666667,15.606408709560649,15.606408709560649,15.606408709560649,0,0
1,100,100,30205,81833.333333333328,166.66666666666666,15.606408709560649,15.606408709560649,15.606408709560649,0,0
1,100,100,30206,80833.333333333328,833.33333333333326,15.606408709560649,15.606408709560649,15.606408709560649,0,0
1,100,100,30207,81500,833.33333333333326,15.606408709560649,15.606408709560649,15.606408709560649,0,0
1,100,100,30208,80500,166.66666666666666,15.606408709560649,15.606408709560649,15.606408709560649,0,0
1,100,100,30209,81166.666666666672,166.66666666666666,15.606408709560649,15.606408709560649,15.606408709560649,0,0
1,100,100,30210,80166.666666666672,833.33333333333326,15.606408709560649,15.606408709560649,15.606408709560649,0,0
1,100,100,30211,81833.333333333328,1166.6666666666667,15.606408709560649,15.606408709560649,15.606408709560649,0,0
1,100,100,30212,80500,1166.6666666666667,15.606408709560649,15.606408709560649,15.606408709560649,0,0
1,100,100,30213,82833.333333333328,500,15.606408709560649,15.606408709560649,15.606408709560649,0,0
1,100,100,30214,83833.333333333328,166.66666666666666,15.606408709560649,15.606408709560649,15.606408709560649,0,0
1,100,100,30215,83500,1166.6666666666667,15.606408709560649,15.606408709560649,15.606408709560649,0,0
1,100,100,30216,82500,1166.6666666666667,15.606408709560649,15.606408709560649,15.606408709560649,0,0
1,100,100,30217,82166.666666666672,500,15.606408709560649,15.606408709560649,15.606408709560649,0,0
1,100,100,30218,83166.666666666672,166.66666666666666,15.606408709560649,15.606408709560649,15.606408709560649,0,0
1,100,100,30219,83833.333333333328,833.33333333333326,15.606408709560649,15.606408709560649,15.606408709560649,0,0
1,100,100,30220,83166.666666666672,833.33333333333326,15.606408709560649,15.606408709560649,15.606408709560649,0,0
1,100,100,30221,85500,833.33333333333326,15.606408709560649,15.606408709560649,15.606408709560649,0,0
1,100,100,30222,84500,166.66666666666666,15.606408709560649,15.606408709560649,15.606408709560649,0,0
1,100,100,30223,85833.333333333328,166.66666666666666,15.606408709560649,15.606408709560649,15.606408709560649,0,0
1,100,100,30224,84500,833.33333333333326,15.606408709560649,15.606408709560649,15.606408709560649,0,0
1,100,100,30225,85166.666666666672,166.66666666666666,15.606408709560649,15.606408709560649,15.606408709560649,0,0
1,100,100,30226,85833.333333333328,1166.6666666666667,15.606408709560649,15.606408709560649,15.606408709560649,0,0
1,100,100,30227,84833.333333333328,1166.6666666666667,15.606408709560649,15.606408709560649,15.606408709560649,0,0
1,100,100,30228,84166.666666666672,1166.6666666666667,15.606408709560649,15.606408709560649,15.606408709560649,0,0
1,100,100,30229,87166.666666666672,500,15.606408709560649,15.606408709560649,15.606408709560649,0,0
1,100,100,30230,87833.333333333328,500,15.606408709560649,15.606408709560649,15.606408709560649,0,0
1,100,100,30231,86500,833.33333333333326,15.606408709560649,15.606408709560649,15.606408709560649,0,0
1,100,100,30232,87500,1166.6666666666667,15.606408709560649,15.606408709560649,15.606408709560649,0,0
1,100,100,30233,86500,166.66666666666666,15.606408709560649,15.606408709560649,15.606408709560649,0,0
1,100,100,30234,86833.333333333328,1166.6666666666667,15.606408709560649,15.606408709560649,15.606408709560649,0,0
1,100,100,30235,87500,166.66666666666666,15.606408709560649,15.606408709560649,15.606408709560649,0,0
1,100,100,30236,86166.666666666672,500,15.606408709560649,15.606408709560649,15.606408709560649,0,0
1,100,100,30237,89833.333333333328,166.66666666666666,15.606408709560649,15.606408709560649,15.606408709560649,0,0
1,100,100,30238,88833.333333333328,500,15.606408709560649,15.606408709560649,15.606408709560649,0,0
1,100,100,30239,89500,1166.6666666666667,15.606408709560649,15.606408709560649,15.606408709560649,0,0
1,100,100,30240,88500,1166.6666666666667,15.606408709560649,15.606408709560649,15.606408709560649,0,0
1,100,100,30241,88166.666666666672,166.66666666666666,15.606408709560649,15.606408709560649,15.606408709560649,0,0
1,100,100,30242,89166.666666666672,166.66666666666666,15.606408709560649,15.606408709560649,15.606408709560649,0,0
1,100,100,30243,89833.333333333328,833.33333333333326,15.606408709560649,15.606408709560649,15.606408709560649,0,0
1,100,100,30244,88166.666666666672,833.33333333333326,15.606408709560649,15.606408709560649,15.606408709560649,0,0
1,50,50,30000,29500,1166.6666666666667,347716.55241339881,347716.55241339881,15.606408709560649,1,0
1,50,50,30001,28166.666666666668,833.33333333333326,791018.79484781716,791018.79484781716,15.606408709560649,1,0
1,50,50,30002,31833.333333333332,500,25633.129068091028,25633.129068091028,15.606408709560649,1,0
1,50,50,30003,31166.666666666668,500,65070.856586527399,65070.856586527399,15.606408709560649,1,0
1,50,50,30004,30166.666666666668,500,248374.31649177492,248374.31649177492,15.606408709560649,1,0
1,50,50,30005,31500,1166.6666666666667,23847.541990379053,23847.541990379053,15.606408709560649,1,0
1,50,50,30006,30500,1166.6666666666667,96072.864113903444,96072.864113903444,15.606408709560649,1,0
1,50,50,30007,30833.333333333332,166.66666666666666,133924.84589002948,133924.84589002948,15.606408709560649,1,0
1,50,50,30008,30833.333333333332,833.33333333333326,79113.334999504761,79113.334999504761,15.606408709560649,1,0
1,50,50,30009,31500,166.66666666666666,53477.672276642646,53477.672276642646,15.606408709560649,1,0
1,50,50,30010,32500,500,10077.594189157177,10077.594189157177,15.606408709560649,1,0
1,50,50,30011,33500,833.33333333333326,1857.4254184805511,1857.4254184805511,15.606408709560649,1,0
1,50,50,30012,33166.666666666664,166.66666666666666,5176.1215007988803,5176.1215007988803,15.606408709560649,1,0
1,50,50,30013,32500,1166.6666666666667,5870.2615270151109,5870.2615270151109,15.606408709560649,1,0
1,50,50,30014,33833.333333333336,166.66666666666666,2001.4179323886121,2001.4179323886121,15.606408709560649,1,0
1,50,50,30015,33833.333333333336,1166.6666666666667,854.39730166418644,854.39730166418644,15.606408709560649,1,0
1,50,50,30016,33166.666666666664,1166.6666666666667,2276.6009694788831,2276.6009694788831,15.606408709560649,1,0
1,50,50,30017,32166.666666666668,166.66666666666666,21044.0990722075,21044.0990722075,15.606408709560649,1,0
1,50,50,30018,35833.333333333336,833.33333333333326,15.606408709560649,15.606408709560649,15.606408709560649,0,0
1,50,50,30019,35833.333333333336,166.66666666666666,15.606408709560649,15.606408709560649,15.606408709560649,0,0
1,50,50,30020,34500,500,555.07668832461673,555.07668832461673,15.606408709560649,1,0
1,50,50,30021,35166.666666666664,500,15.606408709560649,15.606408709560649,15.606408709560649,0,0
1,50,50,30022,34500,1166.6666666666667,15.606408709560649,15.606408709560649,15.606408709560649,0,0
1,50,50,30023,35166.666666666664,1166.6666666666667,15.606408709560649,15.606408709560649,15.606408709560649,0,0
1,50,50,30024,34833.333333333336,166.66666666666666,15.606408709560649,15.606408709560649,15.606408709560649,0,0
1,50,50,30025,34166.666666666664,833.33333333333326,689.76424323128504,689.76424323128504,15.606408709560649,1,0
1,50,50,30026,37166.666666666664,500,15.606408709560649,15.606408709560649,15.606408709560649,0,0
1,50,50,30027,37833.333333333336,500,15.606408709560649,15.606408709560649,15.606408709560649,0,0
1,50,50,30028,37500,1166.6666666666667,15.606408709560649,15.606408709560649,15.606408709560649,0,0
1,50,50,30029,36500,500,15.606408709560649,15.606408709560649,15.606408709560649,0,0
1,50,50,30030,36500,1166.6666666666667,15.606408709560649,15.606408709560649,15.606408709560649,0,0
1,50,50,30031,37500,166.66666666666666,15.606408709560649,15.606408709560649,15.606408709560649,0,0
1,50,50,30032,36833.333333333336,166.66666666666666,15.606408709560649,15.606408709560649,15.606408709560649,0,0
1,50,50,30033,36166.666666666664,166.66666666666666,15.606408709560649,15.606408709560649,15.606408709560649,0,0
1,50,50,30034,39833.333333333336,500,15.606408709560649,15.606408709560649,15.606408709560649,0,0
1,50,50,30035,39166.666666666664,166.66666666666666,15.606408709560649,15.606408709560649,15.606408709560649,0,0
1,50,50,30036,39166.666666666664,833.33333333333326,15.606408709560649,15.606408709560649,15.606408709560649,0,0
1,50,50,30037,38500,1166.6666666666667,15.606408709560649,15.606408709560649,15.606408709560649,0,0
1,50,50,30038,38500,500,15.606408709560649,15.606408709560649,15.606408709560649,0,0
1,50,50,30039,39833.333333333336,1166.6666666666667,15.606408709560649,15.606408709560649,15.606408709560649,0,0
1,50,50,30040,38166.666666666664,166.66666666666666,15.606408709560649,15.606408709560649,15.606408709560649,0,0
1,50,50,30041,38166.666666666664,833.33333333333326,15.606408709560649,15.606408709560649,15.606408709560649,0,0
1,50,50,30042,40500,166.66666666666666,15.606408709560649,15.606408709560649,15.606408709560649,0,0
1,50,50,30043,41166.666666666664,500,15.606408709560649,15.606408709560649,15.606408709560649,0,0
1,50,50,30044,41833.333333333336,833.33333333333326,15.606408709560649,15.606408709560649,15.606408709560649,0,0
1,50,50,30045,40500,833.33333333333326,15.606408709560649,15.606408709560649,15.606408709560649,0,0
1,50,50,30046,41833.333333333336,166.66666666666666,15.606408709560649,15.606408709560649,15.606408709560649,0,0
1,50,50,30047,41166.666666666664,1166.6666666666667,15.606408709560649,15.606408709560649,15.606408709560649,0,0
1,50,50,30048,40166.666666666664,1166.6666666666667,15.606408709560649,15.606408709560649,15.606408709560649,0,0
1,50,50,30049,41166.666666666664,166.66666666666666,15.606408709560649,15.606408709560649,15.606408709560649,0,0
1,50,50,30050,43500,833.33333333333326,15.606408709560649,15.606408709560649,15.606408709560649,0,0
1,50,50,30051,43166.666666666664,166.66666666666666,15.606408709560649,15.606408709560649,15.606408709560649,0,0
1,50,50,30052,42833.333333333336,833.33333333333326,15.606408709560649,15.606408709560649,15.606408709560649,0,0
1,50,50,30053,42500,166.66666666666666,15.606408709560649,15.606408709560649,15.606408709560649,0,0
1,50,50,30054,43833.333333333336,166.66666666666666,15.606408709560649,15.606408709560649,15.606408709560649,0,0
1,50,50,30055,42166.666666666664,1166.6666666666667,15.606408709560649,15.606408709560649,15.606408709560649,0,0
1,50,50,30056,43833.333333333336,1166.6666666666667,15.606408709560649,15.606408709560649,15.606408709560649,0,0
1,50,50,30057,42166.666666666664,500,15.606408709560649,15.606408709560649,15.606408709560649,0,0
1,50,50,30058,44500,833.33333333333326,15.606408709560649,15.606408709560649,15.606408709560649,0,0
1,50,50,30059,45166.666666666664,500,15.606408709560649,15.606408709560649,15.606408709560649,0,0
1,50,50,30060,45833.333333333336,500,15.606408709560649,15.606408709560649,15.606408709560649,0,0
1,50,50,30061,45500,1166.6666666666667,15.606408709560649,15.606408709560649,15.606408709560649,0,0
1,50,50,30062,44500,166.66666666666666,15.606408709560649,15.606408709560649,15.606408709560649,0,0
1,50,50,30063,44833.333333333336,1166.6666666666667,15.606408709560649,15.606408709560649,15.606408709560649,0,0
1,50,50,30064,45500,166.66666666666666,15.606408709560649,15.606408709560649,15.606408709560649,0,0
1,50,50,30065,44166.666666666664,500,15.606408709560649,15.606408709560649,15.606408709560649,0,0
1,50,50,30066,46500,166.66666666666666,15.606408709560649,15.606408709560649,15.606408709560649,0,0
1,50,50,30067,46500,1166.6666666666667,15.606408709560649,15.606408709560649,15.606408709560649,0,0
1,50,50,30068,47166.666666666664,166.66666666666666,15.606408709560649,15.606408709560649,15.606408709560649,0,0
1,50,50,30069,47833.333333333336,833.33333333333326,15.606408709560649,15.606408709560649,15.606408709560649,0,0
1,50,50,30070,47833.333333333336,166.66666666666666,15.606408709560649,15.606408709560649,15.606408709560649,0,0
1,50,50,30071,47166.666666666664,833.33333333333326,15.606408709560649,15.606408709560649,15.606408709560649,0,0
1,50,50,30072,46166.666666666664,833.33333333333326,15.606408709560649,15.606408709560649,15.606408709560649,0,0
1,50,50,30073,47500,1166.6666666666667,15.606408709560649,15.606408709560649,15.606408709560649,0,0
1,50,50,30074,48833.333333333336,500,15.606408709560649,15.606408709560649,15.606408709560649,0,0
1,50,50,30075,49833.333333333336,500,15.606408709560649,15.606408709560649,15.606408709560649,0,0
1,50,50,30076,49500,1166.6666666666667,15.606408709560649,15.606408709560649,15.606408709560649,0,0
1,50,50,30077,48500,1166.6666666666667,15.606408709560649,15.606408709560649,15.606408709560649,0,0
1,50,50,30078,48500,166.66666666666666,15.606408709560649,15.606408709560649,15.606408709560649,0,0
1,50,50,30079,49500,166.66666666666666,15.606408709560649,15.606408709560649,15.606408709560649,0,0
1,50,50,30080,49166.666666666664,833.33333333333326,15.606408709560649,15.606408709560649,15.606408709560649,0,0
1,50,50,30081,48166.666666666664,500,15.606408709560649,15.606408709560649,15.606408709560649,0,0
1,50,50,30082,50833.333333333336,833.33333333333326,15.606408709560649,15.606408709560649,15.606408709560649,0,0
1,50,50,30083,51166.666666666664,166.66666666666666,15.606408709560649,15.606408709560649,15.606408709560649,0,0
1,50,50,30084,51833.333333333336,500,15.606408709560649,15.606408709560649,15.606408709560649,0,0
1,50,50,30085,50500,166.66666666666666,15.606408709560649,15.606408709560649,15.606408709560649,0,0
1,50,50,30086,51500,1166.6666666666667,15.606408709560649,15.606408709560649,15.606408709560649,0,0
1,50,50,30087,50166.666666666664,1166.6666666666667,15.606408709560649,15.606408709560649,15.606408709560649,0,0
1,50,50,30088,50166.666666666664,500,15.606408709560649,15.606408709560649,15.606408709560649,0,0
1,50,50,30089,51833.333333333336,166.66666666666666,15.606408709560649,15.606408709560649,15.606408709560649,0,0
1,50,50,30090,53166.666666666664,500,15.606408709560649,15.606408709560649,15.606408709560649,0,0
1,50,50,30091,52500,1166.6666666666667,15.606408709560649,15.606408709560649,15.606408709560649,0,0
1,50,50,30092,53500,1166.6666666666667,15.606408709560649,15.606408709560649,15.606408709560649,0,0
1,50,50,30093,52500,500,15.606408709560649,15.606408709560649,15.606408709560649,0,0
1,50,50,30094,53833.333333333336,500,15.606408709560649,15.606408709560649,15.606408709560649,0,0
1,50,50,30095,53500,166.66666666666666,15.606408709560649,15.606408709560649,15.606408709560649,0,0
1,50,50,30096,52833.333333333336,166.66666666666666,15.606408709560649,15.606408709560649,15.606408709560649,0,0
1,50,50,30097,52166.666666666664,833.33333333333326,15.606408709560649,15.606408709560649,15.606408709560649,0,0
1,50,50,30098,55500,833.33333333333326,15.606408709560649,15.606408709560649,15.606408709560649,0,0
1,50,50,30099,55500,166.66666666666666,15.606408709560649,15.606408709560649,15.606408709560649,0,0
1,50,50,30100,54500,500,15.606408709560649,15.606408709560649,15.606408709560649,0,0
1,50,50,30101,54500,1166.6666666666667,15.606408709560649,15.606408709560649,15.606408709560649,0,0
1,50,50,30102,54833.333333333336,166.66666666666666,15.606408709560649,15.606408709560649,15.606408709560649,0,0
1,50,50,30103,55833.333333333336,1166.6666666666667,15.606408709560649,15.606408709560649,15.606408709560649,0,0
1,50,50,30104,55166.666666666664,1166.6666666666667,15.606408709560649,15.606408709560649,15.606408709560649,0,0
1,50,50,30105,54166.666666666664,166.66666666666666,15.606408709560649,15.606408709560649,15.606408709560649,0,0
1,50,50,30106,56500,500,15.606408709560649,15.606408709560649,15.606408709560649,0,0
1,50,50,30107,57500,1166.6666666666667,15.606408709560649,15.606408709560649,15.606408709560649,0,0
1,50,50,30108,56500,1166.6666666666667,15.606408709560649,15.606408709560649,15.606408709560649,0,0
1,50,50,30109,57500,166.66666666666666,15.606408709560649,15.606408709560649,15.606408709560649,0,0
1,50,50,30110,57166.666666666664,833.33333333333326,15.606408709560649,15.606408709560649,15.606408709560649,0,0
1,50,50,30111,57833.333333333336,833.33333333333326,15.606408709560649,15.606408709560649,15.606408709560649,0,0
1,50,50,30112,56833.333333333336,166.66666666666666,15.606408709560649,15.606408709560649,15.606408709560649,0,0
1,50,50,30113,56166.666666666664,166.66666666666666,15.606408709560649,15.606408709560649,15.606408709560649,0,0
1,50,50,30114,58833.333333333336,500,15.606408709560649,15.606408709560649,15.606408709560649,0,0
1,50,50,30115,59833.333333333336,500,15.606408709560649,15.606408709560649,15.606408709560649,0,0
1,50,50,30116,58500,1166.6666666666667,15.606408709560649,15.606408709560649,15.606408709560649,0,0
1,50,50,30117,59500,1166.6666666666667,15.606408709560649,15.606408709560649,15.606408709560649,0,0
1,50,50,30118,58166.666666666664,166.66666666666666,15.606408709560649,15.606408709560649,15.606408709560649,0,0
1,50,50,30119,59500,166.66666666666666,15.606408709560649,15.606408709560649,15.606408709560649,0,0
1,50,50,30120,59166.666666666664,833.33333333333326,15.606408709560649,15.606408709560649,15.606408709560649,0,0
1,50,50,30121,58166.666666666664,833.33333333333326,15.606408709560649,15.606408709560649,15.606408709560649,0,0
1,50,50,30122,60833.333333333336,166.66666666666666,15.606408709560649,15.606408709560649,15.606408709560649,0,0
1,50,50,30123,61833.333333333336,500,15.606408709560649,15.606408709560649,15.606408709560649,0,0
1,50,50,30124,60833.333333333336,833.33333333333326,15.606408709560649,15.606408709560649,15.606408709560649,0,0
1,50,50,30125,61500,1166.6666666666667,15.606408709560649,15.606408709560649,15.606408709560649,0,0
1,50,50,30126,60166.666666666664,1166.6666666666667,15.606408709560649,15.606408709560649,15.606408709560649,0,0
1,50,50,30127,60166.666666666664,166.66666666666666,15.606408709560649,15.606408709560649,15.606408709560649,0,0
1,50,50,30128,61500,166.66666666666666,15.606408709560649,15.606408709560649,15.606408709560649,0,0
1,50,50,30129,60500,500,15.606408709560649,15.606408709560649,15.606408709560649,0,0
1,50,50,30130,63833.333333333336,833.33333333333326,15.606408709560649,15.606408709560649,15.606408709560649,0,0
1,50,50,30131,62833.333333333336,833.33333333333326,15.606408709560649,15.606408709560649,15.606408709560649,0,0
1,50,50,30132,63166.666666666664,166.66666666666666,15.606408709560649,15.606408709560649,15.606408709560649,0,0
1,50,50,30133,62500,166.66666666666666,15.606408709560649,15.606408709560649,15.606408709560649,0,0
1,50,50,30134,63833.333333333336,166.66666666666666,15.606408709560649,15.606408709560649,15.606408709560649,0,0
1,50,50,30135,62166.666666666664,1166.6666666666667,15.606408709560649,15.606408709560649,15.606408709560649,0,0
1,50,50,30136,63500,1166.6666666666667,15.606408709560649,15.606408709560649,15.606408709560649,0,0
1,50,50,30137,62166.666666666664,500,15.606408709560649,15.606408709560649,15.606408709560649,0,0
1,50,50,30138,64833.333333333336,166.66666666666666,15.606408709560649,15.606408709560649,15.606408709560649,0,0
1,50,50,30139,65833.333333333328,166.66666666666666,15.606408709560649,15.606408709560649,15.606408709560649,0,0
1,50,50,30140,65500,1166.6666666666667,15.606408709560649,15.606408709560649,15.606408709560649,0,0
1,50,50,30141,64833.333333333336,833.33333333333326,15.606408709560649,15.606408709560649,15.606408709560649,0,0
1,50,50,30142,64166.666666666664,1166.6666666666667,15.606408709560649,15.606408709560649,15.606408709560649,0,0
1,50,50,30143,65833.333333333328,833.33333333333326,15.606408709560649,15.606408709560649,15.606408709560649,0,0
1,50,50,30144,64166.666666666664,500,15.606408709560649,15.606408709560649,15.606408709560649,0,0
1,50,50,30145,65166.666666666664,500,15.606408709560649,15.606408709560649,15.606408709560649,0,0
1,50,50,30146,66833.333333333328,166.66666666666666,15.606408709560649,15.606408709560649,15.606408709560649,0,0
1,50,50,30147,66500,833.33333333333326,15.606408709560649,15.606408709560649,15.606408709560649,0,0
1,50,50,30148,67833.333333333328,833.33333333333326,15.606408709560649,15.606408709560649,15.606408709560649,0,0
1,50,50,30149,67166.666666666672,833.33333333333326,15.606408709560649,15.606408709560649,15.606408709560649,0,0
1,50,50,30150,67500,166.66666666666666,15.606408709560649,15.606408709560649,15.606408709560649,0,0
1,50,50,30151,66166.666666666672,1166.6666666666667,15.606408709560649,15.606408709560649,15.606408709560649,0,0
1,50,50,30152,66166.666666666672,166.66666666666666,15.606408709560649,15.606408709560649,15.606408709560649,0,0
1,50,50,30153,67500,1166.6666666666667,15.606408709560649,15.606408709560649,15.606408709560649,0,0
1,50,50,30154,68500,1166.6666666666667,15.606408709560649,15.606408709560649,15.606408709560649,0,0
1,50,50,30155,69833.333333333328,833.33333333333326,15.606408709560649,15.606408709560649,15.606408709560649,0,0
1,50,50,30156,69166.666666666672,500,15.606408709560649,15.606408709560649,15.606408709560649,0,0
1,50,50,30157,69833.333333333328,166.66666666666666,15.606408709560649,15.606408709560649,15.606408709560649,0,0
1,50,50,30158,68500,166.66666666666666,15.606408709560649,15.606408709560649,15.606408709560649,0,0
1,50,50,30159,69166.666666666672,1166.6666666666667,15.606408709560649,15.606408709560649,15.606408709560649,0,0
1,50,50,30160,68166.666666666672,500,15.606408709560649,15.606408709560649,15.606408709560649,0,0
1,50,50,30161,68833.333333333328,833.33333333333326,15.606408709560649,15.606408709560649,15.606408709560649,0,0
1,50,50,30162,71833.333333333328,166.66666666666666,15.606408709560649,15.606408709560649,15.606408709560649,0,0
1,50,50,30163,71500,833.33333333333326,15.606408709560649,15.606408709560649,15.606408709560649,0,0
1,50,50,30164,70833.333333333328,166.66666666666666,15.606408709560649,15.606408709560649,15.606408709560649,0,0
1,50,50,30165,70500,1166.6666666666667,15.606408709560649,15.606408709560649,15.606408709560649,0,0
1,50,50,30166,70166.666666666672,500,15.606408709560649,15.606408709560649,15.606408709560649,0,0
1,50,50,30167,70833.333333333328,833.33333333333326,15.606408709560649,15.606408709560649,15.606408709560649,0,0
1,50,50,30168,71833.333333333328,1166.6666666666667,15.606408709560649,15.606408709560649,15.606408709560649,0,0
1,50,50,30169,71166.666666666672,1166.6666666666667,15.606408709560649,15.606408709560649,15.606408709560649,0,0
1,50,50,30170,72833.333333333328,166.66666666666666,15.606408709560649,15.606408709560649,15.606408709560649,0,0
1,50,50,30171,73500,1166.6666666666667,15.606408709560649,15.606408709560649,15.606408709560649,0,0
1,50,50,30172,73833.333333333328,166.66666666666666,15.606408709560649,15.606408709560649,15.606408709560649,0,0
1,50,50,30173,72500,1166.6666666666667,15.606408709560649,15.606408709560649,15.606408709560649,0,0
1,50,50,30174,72166.666666666672,500,15.606408709560649,15.606408709560649,15.606408709560649,0,0
1,50,50,30175,73166.666666666672,500,15.606408709560649,15.606408709560649,15.606408709560649,0,0
1,50,50,30176,73833.333333333328,833.33333333333326,15.606408709560649,15.606408709560649,15.606408709560649,0,0
1,50,50,30177,72833.333333333328,833.33333333333326,15.606408709560649,15.606408709560649,15.606408709560649,0,0
1,50,50,30178,75166.666666666672,833.33333333333326,15.606408709560649,15.606408709560649,15.606408709560649,0,0
1,50,50,30179,75166.666666666672,166.66666666666666,15.606408709560649,15.606408709560649,15.606408709560649,0,0
1,50,50,30180,74500,166.66666666666666,15.606408709560649,15.606408709560649,15.606408709560649,0,0
1,50,50,30181,75833.333333333328,166.66666666666666,15.606408709560649,15.606408709560649,15.606408709560649,0,0
1,50,50,30182,74500,833.33333333333326,15.606408709560649,15.606408709560649,15.606408709560649,0,0
1,50,50,30183,75833.333333333328,833.33333333333326,15.606408709560649,15.606408709560649,15.606408709560649,0,0
1,50,50,30184,74166.666666666672,1166.6666666666667,15.606408709560649,15.606408709560649,15.606408709560649,0,0
1,50,50,30185,75500,1166.6666666666667,15.606408709560649,15.606408709560649,15.606408709560649,0,0
1,50,50,30186,77500,1166.6666666666667,15.606408709560649,15.606408709560649,15.606408709560649,0,0
1,50,50,30187,76833.333333333328,166.66666666666666,15.606408709560649,15.606408709560649,15.606408709560649,0,0
1,50,50,30188,77833.333333333328,500,15.606408709560649,15.606408709560649,15.606408709560649,0,0
1,50,50,30189,76833.333333333328,833.33333333333326,15.606408709560649,15.606408709560649,15.606408709560649,0,0
1,50,50,30190,76166.666666666672,1166.6666666666667,15.606408709560649,15.606408709560649,15.606408709560649,0,0
1,50,50,30191,76166.666666666672,500,15.606408709560649,15.606408709560649,15.606408709560649,0,0
1,50,50,30192,77500,166.66666666666666,15.606408709560649,15.606408709560649,15.606408709560649,0,0
1,50,50,30193,77166.666666666672,500,15.606408709560649,15.606408709560649,15.606408709560649,0,0
1,50,50,30194,79166.666666666672,166.66666666666666,15.606408709560649,15.606408709560649,15.606408709560649,0,0
1,50,50,30195,78833.333333333328,833.33333333333326,15.606408709560649,15.606408709560649,15.606408709560649,0,0
1,50,50,30196,78500,166.66666666666666,15.606408709560649,15.606408709560649,15.606408709560649,0,0
1,50,50,30197,79833.333333333328,500,15.606408709560649,15.606408709560649,15.606408709560649,0,0
1,50,50,30198,79500,1166.6666666666667,15.606408709560649,15.606408709560649,15.606408709560649,0,0
1,50,50,30199,78166.666666666672,1166.6666666666667,15.606408709560649,15.606408709560649,15.606408709560649,0,0
1,50,50,30200,78166.666666666672,500,15.606408709560649,15.606408709560649,15.606408709560649,0,0
1,50,50,30201,79833.333333333328,166.66666666666666,15.606408709560649,15.606408709560649,15.606408709560649,0,0
1,50,50,30202,81500,1166.6666666666667,15.606408709560649,15.606408709560649,15.606408709560649,0,0
1,50,50,30203,80833.333333333328,500,15.606408709560649,15.606408709560649,15.606408709560649,0,0
1,50,50,30204,81500,166.66666666666666,15.606408709560649,15.606408709560649,15.606408709560649,0,0
1,50,50,30205,80500,1166.6666666666667,15.606408709560649,15.606408709560649,15.606408709560649,0,0
1,50,50,30206,81833.333333333328,833.33333333333326,15.606408709560649,15.606408709560649,15.606408709560649,0,0
1,50,50,30207,80500,166.66666666666666,15.606408709560649,15.606408709560649,15.606408709560649,0,0
1,50,50,30208,80166.666666666672,833.33333333333326,15.606408709560649,15.606408709560649,15.606408709560649,0,0
1,50,50,30209,81166.666666666672,833.33333333333326,15.606408709560649,15.606408709560649,15.606408709560649,0,0
1,50,50,30210,83166.666666666672,833.33333333333326,15.606408709560649,15.606408709560649,15.606408709560649,0,0
1,50,50,30211,82833.333333333328,166.66666666666666,15.606408709560649,15.606408709560649,15.606408709560649,0,0
1,50,50,30212,82500,833.33333333333326,15.606408709560649,15.606408709560649,15.606408709560649,0,0
1,50,50,30213,83500,166.66666666666666,15.606408709560649,15.606408709560649,15.606408709560649,0,0
1,50,50,30214,83833.333333333328,833.33333333333326,15.606408709560649,15.606408709560649,15.606408709560649,0,0
1,50,50,30215,82166.666666666672,166.66666666666666,15.606408709560649,15.606408709560649,15.606408709560649,0,0
1,50,50,30216,82166.666666666672,1166.6666666666667,15.606408709560649,15.606408709560649,15.606408709560649,0,0
1,50,50,30217,83500,1166.6666666666667,15.606408709560649,15.606408709560649,15.606408709560649,0,0
1,50,50,30218,85500,833.33333333333326,15.606408709560649,15.606408709560649,15.606408709560649,0,0
1,50,50,30219,85833.333333333328,166.66666666666666,15.606408709560649,15.606408709560649,15.606408709560649,0,0
1,50,50,30220,84500,1166.6666666666667,15.606408709560649,15.606408709560649,15.606408709560649,0,0
1,50,50,30221,84833.333333333328,500,15.606408709560649,15.606408709560649,15.606408709560649,0,0
1,50,50,30222,84166.666666666672,166.66666666666666,15.606408709560649,15.606408709560649,15.606408709560649,0,0
1,50,50,30223,85166.666666666672,166.66666666666666,15.606408709560649,15.606408709560649,15.606408709560649,0,0
1,50,50,30224,85833.333333333328,1166.6666666666667,15.606408709560649,15.606408709560649,15.606408709560649,0,0
1,50,50,30225,85166.666666666672,1166.6666666666667,15.606408709560649,15.606408709560649,15.606408709560649,0,0
1,50,50,30226,87833.333333333328,500,15.606408709560649,15.606408709560649,15.606408709560649,0,0
1,50,50,30227,86833.333333333328,833.33333333333326,15.606408709560649,15.606408709560649,15.606408709560649,0,0
1,50,50,30228,86500,166.66666666666666,15.606408709560649,15.606408709560649,15.606408709560649,0,0
1,50,50,30229,87500,1166.6666666666667,15.606408709560649,15.606408709560649,15.606408709560649,0,0
1,50,50,30230,87166.666666666672,166.66666666666666,15.606408709560649,15.606408709560649,15.606408709560649,0,0
1,50,50,30231,86166.666666666672,833.33333333333326,15.606408709560649,15.606408709560649,15.606408709560649,0,0
1,50,50,30232,86500,1166.6666666666667,15.606408709560649,15.606408709560649,15.606408709560649,0,0
1,50,50,30233,87833.333333333328,166.66666666666666,15.606408709560649,15.606408709560649,15.606408709560649,0,0
1,50,50,30234,89833.333333333328,833.33333333333326,15.606408709560649,15.606408709560649,15.606408709560649,0,0
1,50,50,30235,88833.333333333328,500,15.606408709560649,15.606408709560649,15.606408709560649,0,0
1,50,50,30236,88500,1166.6666666666667,15.606408709560649,15.606408709560649,15.606408709560649,0,0
1,50,50,30237,89833.333333333328,166.66666666666666,15.606408709560649,15.606408709560649,15.606408709560649,0,0
1,50,50,30238,89166.666666666672,1166.6666666666667,15.606408709560649,15.606408709560649,15.606408709560649,0,0
1,50,50,30239,89166.666666666672,166.66666666666666,15.606408709560649,15.606408709560649,15.606408709560649,0,0
1,50,50,30240,88500,166.66666666666666,15.606408709560649,15.606408709560649,15.606408709560649,0,0
1,50,50,30241,88166.666666666672,833.33333333333326,15.606408709560649,15.606408709560649,15.606408709560649,0,0
