node,x,y,V,Theta,M_diag,M_right,K_diag,K_right,Mmu_diag,Mmu_right,R,shear,friction,damping,raw_normal,normal,z,p,dev,bg,dev_old,dev_strain,dev_slip
0,0,50000,9.9991121123232657e-10,8000000.000000014,1140.5399004705409,221.36678665019184,0.00041883573547798499,-0.00041883573547798499,605.53591917164556,117.52834489294717,-9.542018233332783e-07,36153249498.055809,36153249491.758232,6.2975809171705075,68095402718.015839,68095402706.26226,50000061.590474799,28323.580679495302,40038.398527065772,68095334356.036629,0,40038.398527065787,-3.3136342804083767e-10
1,1388.8888888888889,48611.111111111109,9.9999361213488816e-10,8000000.000000014,1131.1649978657622,309.10153865391015,0.00088037499734554411,-0.00046153926186755928,600.56049400922575,164.10892363319255,3.989801744319621e-06,44109880452.604736,44109880444.920731,7.6840000851800703,83081651687.307068,83081651689.64415,49999991.434268907,-4811.1345039398821,-9660.0516343683848,83081666158.49321,0,-9660.0516343679283,-1.8508875613504278e-10
2,2777.7777777777778,47222.222222222219,1.0000005512476506e-09,8000000.000000014,1254.8291259434639,330.90905041261425,0.0009504530481656314,-0.00048891378629807223,666.21670562879046,175.68680745751445,-1.2130839325052989e-05,50300584619.979927,50300584611.217438,8.7624797428998402,94741915611.747009,94741915637.119934,49999940.428380154,-71339.717513443073,1200.9651178263211,94741985750.499405,0,1200.9651178264073,-6.9835148357144127e-11
3,4166.666666666667,45833.333333333336,9.9994321478682761e-10,8000000.000000014,1291.0827398420979,326.82574079648765,0.00097163504519561666,-0.00048272125889754449,685.46331386276961,173.51875467722934,1.1487322392866872e-05,51733448148.452873,51733448139.441086,9.0118018996689866,97440884746.756516,97440884726.227692,50000022.019660227,-9110.7031881628373,17304.899716466934,97440876552.559967,0,17304.89971646704,1.8889007025529951e-10
4,5555.5555555555557,44444.444444444445,9.9996714995509436e-10,8000000.000000014,1313.2941592054565,325.61520104839326,0.00097079284877195577,-0.00048807158987441128,697.25618933654948,172.87616704342256,-1.3678598657307361e-05,52182558948.476212,52182558939.386101,9.0900948952033538,98286761425.38678,98286761431.100586,49999998.339337036,-3465.3307229349657,9838.2006131340968,98286755052.51683,0,9838.2006131343314,1.1218869434098652e-10
5,6944.4444444444443,43055.555555555555,9.9997090919531925e-10,8000000.000000014,1317.4160687504077,326.16303300820687,0.0010140679720936181,-0.00052599638221920695,699.44473965689031,173.1669876645974,-1.3362979780717765e-05,52274397760.571342,52274397751.465233,9.1061316172908757,98459720855.016449,98459720853.471558,50000004.185710281,-364.96847616860464,6079.6344441840247,98459715140.350464,0,6079.6344441839556,9.670566162391662e-11
6,8333.3333333333339,41666.666666666664,9.9995850424515653e-10,8000000.000000014,1309.4055548377544,327.54525687752022,0.0010668459261231695,-0.00054084954390396271,695.19146686481588,173.90076206279028,5.56051440292471e-06,52112963603.28862,52112963594.210693,9.0779340900971732,98155697442.858673,98155697443.348373,50000002.267382041,661.16347790358236,4545.5211420936248,98155692236.174133,0,4545.5211420936967,3.2951330074086426e-10
7,9722.2222222222244,40277.777777777774,9.9995183787152053e-10,8000000.000000014,1298.74005099428,333.65070429644493,0.00106653564948021,-0.00052568610557624711,689.52879304172336,177.14233009043585,2.1926690174173258e-05,52028596942.577072,52028596933.513794,9.0632108779891691,97996805644.621964,97996805644.499619,50000002.66536516,1148.7625359475805,3887.4471817009944,97996800608.412292,0,3887.4471817011436,-4.6021081838709969e-10
8,11111.111111111111,38888.888888888891,9.9997180667120933e-10,8000000.000000014,1296.7978758331828,332.64171930515852,0.0010139834098452608,-0.00048829730426901336,688.49809396454168,176.60671074743809,-4.0490814801397157e-05,52112359375.556801,52112359366.478951,9.0779026966597485,98154519918.496384,98154519918.529907,50000002.49302832,1345.4058255965001,3601.3511738602883,98154514971.739334,0,3601.3511738601824,-3.0358046325928417e-10
9,12500,37500,9.9996930234637576e-10,8000000.000000014,1307.0602394574107,326.67762812837861,0.0009715915672658575,-0.00048329426299684414,693.94653798243201,173.44014459496188,1.6427032040550182e-05,52199672255.066879,52199672245.973778,9.0930956776521867,98318984203.52655,98318984203.517532,50000002.478750184,1365.9827641011077,3492.9963935073392,98318979344.547379,0,3492.996393507683,1.2532407427313793e-10
10,13888.888888888889,36111.111111111109,9.9994716340179496e-10,8000000.000000014,1304.5529448989557,331.73356983409536,0.0010050098222935283,-0.00052171555929668358,692.61490092837471,176.12445057119098,2.3235007945265895e-05,52108977334.181885,52108977325.104637,9.0771973327018589,98148211890.249969,98148211890.249969,50000002.41770184,1273.178812389056,3473.9997634877709,98148207143.071442,0,3473.9997634878487,7.5591703599674061e-11
11,15277.777777777779,34722.222222222219,9.9996907656370174e-10,8000000.000000014,1293.3361547766835,334.72006489810838,0.0010732081732692078,-0.00055149261397252386,686.66012527575185,177.71015580054674,-3.406429651964249e-05,52024739047.468506,52024739038.405899,9.062623344743125,97989494101.423981,97989494101.422058,50000002.361552641,1100.2910268983999,3525.6885469090662,97989489475.444321,0,3525.6885469092499,-7.7908991859394242e-11
12,16666.666666666668,33333.333333333328,9.9997354979404124e-10,8000000.000000014,1306.0398527793263,322.87810557055315,0.0010729022983041684,-0.00052140968433164443,693.40487832322628,171.42290537178465,-3.58077662803713e-05,52126899381.849907,52126899372.769539,9.0804366902712665,98181905679.056396,98181905679.057663,50000002.29942406,867.99291787769334,3648.6640058354983,98181901162.399429,0,3648.6640058354546,-3.1931580105817224e-10
13,18055.555555555555,31944.444444444445,9.9994514048910725e-10,8000000.000000014,1325.3027417591575,320.32416885837779,0.0010049187758823335,-0.00048350909155068909,703.63138357064213,170.06696559963657,-2.1519325880403617e-05,52256065077.970985,52256065068.868195,9.1028178874232442,98425255220.159393,98425255220.161682,50000002.239419967,573.85527446057722,3836.8997154943254,98425250809.404358,0,3836.899715494395,-6.944046279849005e-10
14,19444.444444444449,30555.555555555551,9.9997317662987253e-10,8000000.000000014,1312.6843586257087,333.61997124915354,0.00097197063786379006,-0.00048846154631310124,696.932593748518,177.12610297888233,-7.6696810624721223e-08,52206285410.682671,52206285401.588432,9.0942682340576422,98331429240.941391,98331429240.944107,50000002.186579213,219.15016324527846,4085.1292213236607,98331424936.661987,0,4085.1292213234469,0
15,20833.333333333336,29166.666666666664,9.999720206171025e-10,8000000.000000014,1288.6846544473813,334.91422888447642,0.00098283411737374324,-0.00049437257106064254,684.19060885350632,177.81314331292631,1.2690285161931492e-05,51956495002.636948,51956494993.586182,9.0507509617133408,97860946941.193832,97860946941.19841,50000002.148113079,-187.61499867313134,4399.7582689508445,97860942729.050507,0,4399.7582689508836,0
16,22222.222222222223,27777.777777777777,9.9994700812152863e-10,8000000.000000014,1300.1781904364614,321.5471091172073,0.00097742965921375448,-0.00048305708815311231,690.29224623764696,170.71622609423855,-8.0846572479767453e-06,51941083012.641304,51941083003.593361,9.0479494065830153,97831980605.859772,97831980605.865829,50000002.1331461,-656.97140736056758,4840.9239099240549,97831976421.907196,0,4840.9239099242595,0
17,23611.111111111109,26388.888888888891,9.9996587613846268e-10,8000000.000000014,1331.7267401993172,312.55513526482338,0.0010638828037695966,-0.00058082571561648511,707.04243966518061,165.94229935642545,1.9048012834536193e-05,52185050514.696457,52185050505.605896,9.0905307528101726,98291453466.620529,98291453466.630676,50000002.149155952,-1213.4288191028513,5450.9819676394973,98291449229.067383,0,5450.98196763953,0
18,25000,25000,9.9997337224387044e-10,8000000.000000014,1350.5358154527935,312.55513526482372,0.0011029188862410164,-0.00052209317062453116,717.02882603555759,165.942301752166,1.1244847362923416e-05,52445673689.015091,52445673679.879059,9.1359927070021669,98782308673.903702,98782308673.91301,50000002.206227973,-1873.7753542362382,6248.5571145902923,98782304299.122055,0,6248.5571145903305,0
19,26388.888888888891,23611.111111111109,9.9996647721242351e-10,8000000.000000014,1331.7267401993192,321.54710911720747,0.0010051502587776432,-0.00048305708815311242,707.04245973693105,170.71623350190504,5.7231027844051319e-06,52185052186.207123,52185052177.116585,9.0905362788357387,98291453801.420288,98291453801.431213,50000002.314700238,-2638.8957232212356,7211.2485295768302,98291449229.067459,0,7211.2485295768874,0
20,27777.777777777777,22222.222222222223,9.999482349861031e-10,8000000.000000014,1300.1781904364634,334.9142288844771,0.00097742965921375166,-0.00049437257106063972,690.29228638110055,177.81315644038068,4.5653859128413909e-06,51941086425.514275,51941086416.466324,9.0479606302589897,97831981319.598053,97831981319.614044,50000002.488741547,-3556.9716378866997,8454.6623241213056,97831976421.907288,0,8454.6623241212255,0
21,29166.666666666668,20833.333333333332,9.9997392742907235e-10,8000000.000000014,1288.6846544473826,333.61997124915337,0.00098283411737374042,-0.00048846154631310157,684.19067070298092,177.1261220854332,1.7504423368605582e-05,51956500335.124695,51956500326.073914,9.0507683645230284,97860948124.618546,97860948124.637527,50000002.739847854,-4691.2737599226421,10086.841652187206,97860942729.050644,0,10086.841652187401,0
22,30555.555555555555,19444.444444444445,9.9997585947762103e-10,8000000.000000014,1312.6843586257094,320.32416885837665,0.0009719706378637931,-0.00048350909155069185,696.93268236069446,170.06699078463882,-1.0660460758038504e-05,52206293016.337723,52206293007.243439,9.094292817510345,98331431049.979492,98331431050.002228,50000003.091157965,-6145.0867721776021,12258.404308268569,98331424936.661987,0,12258.404308268684,0
23,31944.444444444445,18055.555555555555,9.9994875589522302e-10,8000000.000000014,1325.3027417591575,322.87810557055417,0.0010049187758823317,-0.0005214096843316402,703.63150445799113,171.42293931525751,7.5163513146569993e-06,52256075486.778809,52256075477.675972,9.1028511848621463,98425257872.148407,98425257872.185471,50000003.5637573,-8021.8942739022395,15084.638292640055,98425250809.404343,0,15084.638292640251,0
24,33333.333333333336,16666.666666666664,9.9997834860025033e-10,8000000.000000014,1306.0398527793325,334.72006489810809,0.0010729022983041647,-0.00055149261397252408,693.40503685891099,177.71020265532732,6.1209344815876809e-05,52126913341.762764,52126913332.682228,9.0804809604092362,98181909433.267578,98181909433.311935,50000004.179754302,-10461.304955640993,18732.172813460333,98181901162.399673,0,18732.172813459929,8.4371103824821621e-11
25,34722.222222222226,15277.777777777776,9.9997546492648087e-10,8000000.000000014,1293.3361547766797,331.73356983409417,0.0010732081732692119,-0.00052171555929668759,686.66033446707297,176.12451304771463,6.4457746229429347e-07,52024757714.42363,52024757705.36097,9.0626822624523395,97989499263.7771,97989499263.807755,50000004.963333517,-13721.730645693344,23510.063664292924,97989489475.444031,0,23510.063664292731,2.3771862330446323e-10
26,36111.111111111109,13888.888888888889,9.9995582079971482e-10,8000000.000000014,1304.5529448989528,326.67762812837861,0.0010050098222935322,-0.00048329426299684408,692.61518780480492,173.44022928958023,5.7698541252038105e-06,52109002729.699593,52109002720.622314,9.077277618499533,98148218846.324814,98148218846.339874,50000005.938673496,-18350.730115055547,30053.983669501795,98148207143.071289,0,30053.983669501442,4.8356749502281449e-10
27,37500,12500,9.9998138742604356e-10,8000000.000000014,1307.0602394574103,332.64171930515835,0.0009715915672658575,-0.00048829730426901325,693.94694139468686,176.60683358278385,6.8233204639778222e-06,52199707591.023895,52199707581.930672,9.0932086852357994,98318993223.39798,98318993223.383041,50000007.069508485,-25076.742855211283,38955.593491463551,98318979344.547379,0,38955.593491463456,-1.2532407427313796e-10
28,38888.888888888891,11111.111111111111,9.9998928170610414e-10,8000000.000000014,1296.7978758331849,333.65070429644607,0.0010139834098452567,-0.00052568610557624266,688.49867625757963,177.14251383302462,-4.4614341829785076e-06,52112409570.611404,52112409561.533325,9.0780671140378022,98154530751.652802,98154530751.576035,50000008.112423427,-34912.026580314079,50691.939879446429,98154514971.739487,0,50691.939879446421,5.9291709718550492e-11
29,40277.777777777781,9722.2222222222208,9.999784298083976e-10,8000000.000000014,1298.7400509942818,327.54525687752039,0.0010665356494802063,-0.00054084954390396347,689.52968289840101,173.90104331169314,4.4298015391130985e-05,52028670602.005661,52028670592.942169,9.0634614870903132,97996816789.882599,97996816789.293167,50000008.715850338,-50093.769110928755,66275.239305276147,97996800608.41246,0,66275.239305276235,-1.0005640351221111e-10
30,41666.666666666672,8333.3333333333321,1.0000007144186037e-09,8000000.000000014,1309.4055548377494,326.16303300820596,0.0010668459261231741,-0.00052599638221921064,695.19290644823832,173.16745209150218,-1.2621096740828008e-05,52113076148.938934,52113076139.860649,9.0783383074479413,98155703627.300507,98155703626.328995,50000006.577842347,-74885.081780093038,86276.208436442743,98155692236.173813,0,86276.208436442437,3.4700985795753537e-10
31,43055.555555555555,6944.4444444444453,1.0000427402397233e-09,8000000.000000014,1317.4160687504091,325.61520104839508,0.0010140679720936165,-0.00048807158987440656,699.44717974147432,172.87695228526388,3.0818095885454255e-05,52274574682.428078,52274574673.321236,9.106814144304618,98459706607.917572,98459706603.181564,49999999.761641905,-116532.60830492093,108000.17536009442,98459715140.350494,0,108000.17536009436,4.0864005458479833e-10
32,44444.444444444453,5555.5555555555511,1.0000875144480052e-09,8000000.000000014,1313.2941592054553,326.82574079648708,0.00097079284877195425,-0.00048272125889754791,697.26036743098962,173.52017593513182,-1.8785293960599247e-05,52182839249.018829,52182839239.927574,9.0912759390309983,98286688110.257339,98286688107.777878,49999968.15688841,-187886.32606808649,120944.06649034876,98286755052.516876,0,120944.06649034836,5.2919452210600513e-10
33,45833.333333333336,4166.6666666666642,1.0001694163248239e-09,8000000.000000014,1291.0827398420965,330.90905041261442,0.00097163504519562089,-0.00048891378629807309,685.47058628105822,175.68907866906639,2.2875635323771348e-06,51733879307.207649,51733879298.19381,9.0138303095329739,97440664233.057846,97440664195.822098,49999923.360523872,-311297.84619246167,98978.34411724114,97440876552.559921,0,98978.344117240893,9.7615541193490997e-10
34,47222.222222222219,2777.7777777777774,1.0003246436204015e-09,8000000.000000014,1254.829125943462,309.10153865390998,0.00095045304816563335,-0.00046153926186756009,666.22751421619171,164.11240701493574,-2.0478143927249448e-05,50301187174.368042,50301187165.602463,8.7655440936790452,94741490659.602585,94741490715.718536,49999688.731135227,-496020.64118905872,929.74438561136265,94741985750.499344,0,929.74438561077238,5.240020710966967e-10
35,48611.111111111109,1388.8888888888905,1.0005795357117924e-09,8000000.000000014,1131.1649978657624,221.36678665019207,0.0008611811942512823,-0.00039964193238372205,600.57393917835168,117.5296629240483,3.0568344300263561e-08,44110688356.271629,44110688348.584274,7.6873760717703474,83081454852.896683,83081455009.562744,49999744.146058224,-23714.594506122226,-187591.00200916515,83081666158.493149,0,-187591.00200916527,4.0962884368478886e-10
36,50000,0,9.997624885912349e-10,8000000.000000014,1140.5399004705421,0,0.00039964193238372205,0,605.53360238268908,0,-8.3312969252347102e-06,36153610473.154785,36153610466.857361,6.2973963091241965,68096176840.765625,68096176673.86908,50000788.18408452,1469110.5813526704,-626625.8524362765,68095334356.036682,0,-626625.85243627627,0
